date,produit,categorie,montant,client
2024-05-02,Service X,Service,865.67,Umbrella
2024-05-02,Widget A,Matériel,139.47,Wayne
2024-05-02,Widget C,Matériel,773.08,Hooli
2024-05-02,Service X,Service,171.71,Wonka
2024-05-02,Service Y,Service,402.26,Umbrella
2024-05-02,Widget A,Matériel,661.67,Hooli
2024-05-03,Service Y,Service,471.24,Umbrella
2024-05-03,Widget B,Matériel,576.86,Hooli
2024-05-03,Widget A,Matériel,836.25,Initech
2024-05-04,Widget A,Matériel,386.8,Wonka
2024-05-04,Widget A,Matériel,898.47,Hooli
2024-05-04,Service X,Service,234.91,Wonka
2024-05-04,Widget B,Matériel,91.61,Umbrella
2024-05-04,Widget C,Matériel,698.9,Globex
2024-05-05,Service X,Service,969.13,Umbrella
2024-05-05,Widget B,Matériel,401.94,Acme
2024-05-05,Widget C,Matériel,230.0,Umbrella
2024-05-05,Widget A,Matériel,501.92,Initech
2024-05-05,Widget B,Matériel,686.32,Hooli
2024-05-05,Widget C,Matériel,841.04,Wayne
2024-05-05,Service X,Service,346.75,Wonka
2024-05-05,Service Y,Service,814.53,Wonka
2024-05-06,Service Y,Service,698.37,Initech
2024-05-06,Service X,Service,239.91,Globex
2024-05-06,Service Y,Service,797.58,Acme
2024-05-07,Service X,Service,719.91,Initech
2024-05-07,Service X,Service,485.97,Stark
2024-05-07,Widget C,Matériel,182.81,Globex
2024-05-07,Widget A,Matériel,684.98,Wayne
2024-05-07,Widget C,Matériel,586.97,Acme
2024-05-07,Service X,Service,652.98,Stark
2024-05-07,Widget C,Matériel,581.25,Wonka
2024-05-08,Service X,Service,464.88,Acme
2024-05-08,Service Y,Service,438.1,Globex
2024-05-09,Service Y,Service,272.24,Wonka
2024-05-09,Widget A,Matériel,317.31,Hooli
2024-05-09,Widget B,Matériel,678.82,Globex
2024-05-09,Widget C,Matériel,794.7,Hooli
2024-05-09,Service X,Service,436.07,Umbrella
2024-05-09,Service Y,Service,208.62,Initech
2024-05-09,Widget A,Matériel,135.55,Wonka
2024-05-09,Service X,Service,488.78,Wayne
2024-05-10,Service Y,Service,194.7,Stark
2024-05-11,Service X,Service,473.85,Globex
2024-05-11,Widget B,Matériel,336.44,Wayne
2024-05-11,Service X,Service,393.72,Hooli
2024-05-11,Widget A,Matériel,162.11,Initech
2024-05-12,Widget B,Matériel,714.72,Hooli
2024-05-12,Widget C,Matériel,970.72,Initech
2024-05-12,Widget B,Matériel,731.05,Wonka
2024-05-12,Service X,Service,308.63,Umbrella
2024-05-12,Widget A,Matériel,907.47,Acme
2024-05-12,Widget A,Matériel,242.25,Umbrella
2024-05-12,Service X,Service,600.26,Initech
2024-05-12,Widget C,Matériel,863.78,Globex
2024-05-14,Widget C,Matériel,460.49,Wayne
2024-05-14,Widget B,Matériel,604.89,Wayne
2024-05-14,Widget A,Matériel,130.22,Wayne
2024-05-14,Service X,Service,89.53,Umbrella
2024-05-14,Widget A,Matériel,363.37,Umbrella
2024-05-14,Service X,Service,148.23,Globex
2024-05-15,Widget C,Matériel,212.06,Initech
2024-05-16,Service Y,Service,379.53,Stark
2024-05-16,Service X,Service,71.66,Stark
2024-05-16,Widget A,Matériel,508.19,Hooli
2024-05-16,Widget C,Matériel,128.59,Wonka
2024-05-16,Widget B,Matériel,516.17,Umbrella
2024-05-16,Widget C,Matériel,593.14,Hooli
2024-05-16,Widget C,Matériel,303.63,Umbrella
2024-05-16,Service Y,Service,544.64,Initech
2024-05-17,Widget C,Matériel,70.53,Initech
2024-05-17,Service Y,Service,901.35,Stark
2024-05-17,Widget A,Matériel,576.33,Initech
2024-05-17,Widget A,Matériel,688.63,Acme
2024-05-17,Widget B,Matériel,676.45,Wayne
2024-05-17,Service X,Service,780.22,Initech
2024-05-17,Widget A,Matériel,920.21,Hooli
2024-05-18,Widget B,Matériel,577.11,Acme
2024-05-18,Widget C,Matériel,838.3,Initech
2024-05-19,Service Y,Service,351.28,Globex
2024-05-19,Service Y,Service,326.37,Stark
2024-05-19,Widget C,Matériel,293.17,Hooli
2024-05-19,Service Y,Service,206.38,Stark
2024-05-21,Widget C,Matériel,992.76,Globex
2024-05-21,Service Y,Service,761.18,Wonka
2024-05-22,Widget B,Matériel,542.92,Hooli
2024-05-22,Widget C,Matériel,783.41,Initech
2024-05-22,Widget B,Matériel,404.97,Wayne
2024-05-22,Service Y,Service,759.45,Acme
2024-05-22,Widget B,Matériel,939.97,Initech
2024-05-22,Service Y,Service,166.62,Globex
2024-05-22,Widget A,Matériel,195.62,Wonka
2024-05-22,Service X,Service,619.41,Globex
2024-05-23,Service Y,Service,236.61,Initech
2024-05-23,Widget B,Matériel,788.53,Initech
2024-05-23,Service Y,Service,525.7,Umbrella
2024-05-23,Widget A,Matériel,63.24,Globex
2024-05-23,Widget B,Matériel,175.23,Acme
2024-05-23,Service X,Service,165.74,Initech
2024-05-24,Service Y,Service,602.06,Wayne
2024-05-24,Widget C,Matériel,813.92,Globex
2024-05-24,Widget A,Matériel,752.03,Wayne
2024-05-24,Service Y,Service,167.57,Globex
2024-05-25,Service Y,Service,427.7,Hooli
2024-05-25,Widget B,Matériel,514.15,Stark
2024-05-25,Service X,Service,957.84,Stark
2024-05-25,Widget B,Matériel,928.57,Umbrella
2024-05-25,Widget A,Matériel,577.44,Globex
2024-05-26,Service Y,Service,183.32,Acme
2024-05-26,Service X,Service,967.92,Umbrella
2024-05-26,Widget A,Matériel,936.37,Stark
2024-05-26,Service X,Service,494.01,Wonka
2024-05-26,Service X,Service,66.94,Wonka
2024-05-27,Widget A,Matériel,837.96,Initech
2024-05-27,Service X,Service,271.01,Initech
2024-05-27,Widget C,Matériel,625.72,Hooli
2024-05-27,Service Y,Service,622.95,Initech
2024-05-27,Widget C,Matériel,405.47,Hooli
2024-05-28,Widget A,Matériel,874.12,Wayne
2024-05-28,Widget B,Matériel,285.45,Umbrella
2024-05-28,Widget B,Matériel,758.71,Globex
2024-05-29,Service Y,Service,150.01,Hooli
2024-05-29,Widget A,Matériel,614.71,Initech
2024-05-29,Widget A,Matériel,833.43,Initech
2024-05-29,Widget B,Matériel,186.68,Hooli
2024-05-29,Service Y,Service,207.26,Globex
2024-05-29,Widget B,Matériel,195.93,Umbrella
2024-05-29,Widget A,Matériel,70.09,Wayne
2024-05-31,Widget A,Matériel,100.71,Umbrella
2024-06-01,Widget C,Matériel,423.95,Wayne
2024-06-01,Service Y,Service,529.3,Initech
2024-06-01,Service X,Service,858.58,Hooli
2024-06-01,Widget C,Matériel,222.42,Acme
2024-06-01,Service Y,Service,286.92,Globex
2024-06-02,Widget C,Matériel,445.45,Initech
2024-06-02,Widget A,Matériel,404.93,Hooli
2024-06-02,Widget C,Matériel,146.59,Acme
2024-06-02,Service Y,Service,99.36,Umbrella
2024-06-02,Service Y,Service,144.16,Wonka
2024-06-03,Service Y,Service,980.59,Hooli
2024-06-03,Widget B,Matériel,790.5,Wonka
2024-06-03,Service X,Service,790.05,Wayne
2024-06-03,Service X,Service,559.26,Globex
2024-06-03,Widget B,Matériel,864.69,Stark
2024-06-03,Service Y,Service,415.84,Umbrella
2024-06-03,Service X,Service,303.14,Wayne
2024-06-05,Widget C,Matériel,446.04,Umbrella
2024-06-06,Widget B,Matériel,399.14,Stark
2024-06-06,Widget B,Matériel,361.12,Umbrella
2024-06-06,Widget B,Matériel,701.46,Globex
2024-06-06,Widget B,Matériel,951.42,Wayne
2024-06-06,Service Y,Service,506.86,Wonka
2024-06-07,Widget C,Matériel,856.13,Stark
2024-06-07,Widget C,Matériel,814.17,Wayne
2024-06-08,Widget C,Matériel,651.27,Acme
2024-06-08,Widget B,Matériel,748.15,Acme
2024-06-08,Widget B,Matériel,710.06,Stark
2024-06-08,Service Y,Service,175.5,Hooli
2024-06-09,Service X,Service,739.43,Acme
2024-06-09,Widget C,Matériel,939.14,Acme
2024-06-09,Service X,Service,960.94,Globex
2024-06-09,Widget A,Matériel,614.0,Wonka
2024-06-09,Widget C,Matériel,805.36,Wonka
2024-06-10,Service Y,Service,290.71,Wayne
2024-06-10,Widget C,Matériel,140.3,Stark
2024-06-10,Service X,Service,212.73,Globex
2024-06-10,Widget C,Matériel,593.81,Umbrella
2024-06-10,Widget C,Matériel,546.5,Wayne
2024-06-10,Service X,Service,809.28,Stark
2024-06-10,Widget C,Matériel,619.61,Globex
2024-06-10,Service Y,Service,163.75,Wonka
2024-06-11,Service X,Service,674.97,Acme
2024-06-12,Widget C,Matériel,785.61,Globex
2024-06-12,Service X,Service,366.96,Wayne
2024-06-12,Service Y,Service,774.41,Wayne
2024-06-12,Widget B,Matériel,395.98,Stark
2024-06-12,Widget B,Matériel,199.73,Hooli
2024-06-12,Widget A,Matériel,939.32,Stark
2024-06-13,Service X,Service,743.2,Umbrella
2024-06-13,Widget A,Matériel,939.33,Stark
2024-06-13,Widget B,Matériel,505.4,Wonka
2024-06-14,Widget B,Matériel,987.3,Acme
2024-06-15,Service Y,Service,162.55,Hooli
2024-06-15,Widget B,Matériel,655.22,Wonka
2024-06-15,Widget A,Matériel,608.85,Acme
2024-06-15,Widget A,Matériel,61.69,Wayne
2024-06-15,Widget A,Matériel,834.13,Umbrella
2024-06-15,Widget C,Matériel,485.62,Initech
2024-06-16,Widget C,Matériel,336.83,Stark
2024-06-16,Service Y,Service,792.23,Stark
2024-06-18,Service Y,Service,885.24,Wayne
2024-06-18,Widget B,Matériel,845.05,Acme
2024-06-18,Widget A,Matériel,999.15,Acme
2024-06-19,Widget A,Matériel,135.92,Wayne
2024-06-19,Service X,Service,77.55,Hooli
2024-06-19,Widget B,Matériel,185.87,Globex
2024-06-19,Service Y,Service,238.29,Wonka
2024-06-19,Widget A,Matériel,673.46,Hooli
2024-06-20,Widget A,Matériel,55.16,Globex
2024-06-20,Widget A,Matériel,625.63,Hooli
2024-06-20,Service Y,Service,276.63,Initech
2024-06-20,Service Y,Service,104.37,Wayne
2024-06-20,Service Y,Service,931.41,Acme
2024-06-20,Service X,Service,713.21,Wonka
2024-06-20,Service Y,Service,88.14,Umbrella
2024-06-20,Widget B,Matériel,168.68,Wayne
2024-06-21,Widget C,Matériel,648.51,Wayne
2024-06-21,Widget A,Matériel,197.45,Wonka
2024-06-21,Service Y,Service,233.39,Wayne
2024-06-21,Widget A,Matériel,724.41,Initech
2024-06-22,Service Y,Service,630.97,Stark
2024-06-22,Widget A,Matériel,635.49,Acme
2024-06-22,Widget A,Matériel,889.94,Umbrella
2024-06-22,Service X,Service,214.47,Initech
2024-06-24,Widget A,Matériel,981.03,Stark
2024-06-24,Widget C,Matériel,794.88,Initech
2024-06-24,Service X,Service,593.79,Umbrella
2024-06-24,Widget A,Matériel,948.72,Stark
2024-06-24,Widget B,Matériel,599.12,Stark
2024-06-24,Service X,Service,666.77,Umbrella
2024-06-25,Widget A,Matériel,532.94,Globex
2024-06-25,Service X,Service,500.46,Umbrella
2024-06-25,Widget A,Matériel,177.39,Acme
2024-06-25,Service Y,Service,339.47,Initech
2024-06-25,Service X,Service,630.44,Umbrella
2024-06-25,Widget C,Matériel,441.22,Wayne
2024-06-25,Widget A,Matériel,256.75,Umbrella
2024-06-25,Service Y,Service,351.19,Stark
2024-06-26,Widget A,Matériel,447.48,Umbrella
2024-06-26,Widget C,Matériel,264.31,Acme
2024-06-26,Widget C,Matériel,587.48,Stark
2024-06-26,Service X,Service,665.55,Stark
2024-06-26,Service X,Service,350.4,Globex
2024-06-26,Service X,Service,571.69,Globex
2024-06-26,Widget C,Matériel,644.71,Stark
2024-06-26,Widget B,Matériel,537.1,Wonka
2024-06-27,Widget C,Matériel,925.0,Hooli
2024-06-27,Service Y,Service,544.26,Stark
2024-06-27,Widget B,Matériel,348.73,Wonka
2024-06-27,Widget C,Matériel,519.43,Wonka
2024-06-27,Widget A,Matériel,118.46,Acme
2024-06-27,Service Y,Service,102.79,Wonka
2024-06-29,Widget C,Matériel,214.34,Initech
2024-06-29,Service X,Service,755.56,Initech
2024-06-30,Widget A,Matériel,835.81,Wayne
2024-06-30,Service Y,Service,403.65,Wayne
2024-06-30,Widget A,Matériel,620.8,Wayne
2024-06-30,Widget A,Matériel,396.67,Stark
2024-06-30,Service Y,Service,995.69,Umbrella
2024-06-30,Service X,Service,345.41,Wonka
2024-06-30,Service X,Service,720.14,Wonka
2024-06-30,Widget B,Matériel,658.84,Initech
2024-07-02,Widget B,Matériel,548.83,Umbrella
2024-07-02,Widget A,Matériel,207.61,Umbrella
2024-07-02,Service Y,Service,989.68,Hooli
2024-07-02,Widget C,Matériel,847.12,Wonka
2024-07-02,Service Y,Service,184.52,Stark
2024-07-02,Widget C,Matériel,422.94,Initech
2024-07-04,Service X,Service,462.09,Umbrella
2024-07-04,Widget C,Matériel,193.14,Initech
2024-07-04,Widget A,Matériel,911.75,Hooli
2024-07-04,Widget A,Matériel,271.21,Globex
2024-07-04,Widget B,Matériel,515.69,Hooli
2024-07-04,Widget C,Matériel,518.63,Acme
2024-07-04,Widget A,Matériel,281.48,Wonka
2024-07-05,Service Y,Service,666.69,Wayne
2024-07-05,Widget C,Matériel,774.76,Wayne
2024-07-05,Service X,Service,398.28,Acme
2024-07-05,Service X,Service,371.53,Stark
2024-07-05,Service Y,Service,508.44,Wonka
2024-07-05,Widget C,Matériel,859.41,Wonka
2024-07-05,Widget B,Matériel,914.07,Stark
2024-07-06,Widget C,Matériel,857.76,Umbrella
2024-07-06,Widget B,Matériel,523.88,Wonka
2024-07-07,Widget C,Matériel,428.62,Acme
2024-07-07,Service Y,Service,649.29,Hooli
2024-07-07,Widget B,Matériel,371.91,Globex
2024-07-07,Widget B,Matériel,73.58,Globex
2024-07-08,Service Y,Service,475.8,Umbrella
2024-07-08,Widget B,Matériel,618.55,Stark
2024-07-08,Widget A,Matériel,314.12,Globex
2024-07-08,Service X,Service,652.08,Wayne
2024-07-08,Service Y,Service,639.34,Hooli
2024-07-09,Service Y,Service,908.16,Wonka
2024-07-09,Widget C,Matériel,965.05,Wayne
2024-07-09,Service X,Service,873.46,Wonka
2024-07-09,Widget A,Matériel,745.79,Acme
2024-07-10,Widget C,Matériel,575.45,Hooli
2024-07-10,Service X,Service,971.32,Acme
2024-07-10,Service Y,Service,323.82,Wonka
2024-07-10,Service X,Service,762.48,Wayne
2024-07-10,Widget B,Matériel,167.68,Initech
2024-07-10,Widget A,Matériel,788.48,Hooli
2024-07-10,Widget C,Matériel,986.26,Wonka
2024-07-11,Widget B,Matériel,441.0,Hooli
2024-07-11,Widget A,Matériel,130.58,Wonka
2024-07-11,Widget B,Matériel,811.96,Stark
2024-07-11,Widget B,Matériel,831.45,Hooli
2024-07-12,Widget A,Matériel,404.07,Hooli
2024-07-12,Widget A,Matériel,153.82,Hooli
2024-07-13,Service X,Service,785.03,Wayne
2024-07-13,Widget A,Matériel,752.46,Wonka
2024-07-13,Widget B,Matériel,96.52,Wonka
2024-07-13,Service Y,Service,640.8,Globex
2024-07-13,Widget B,Matériel,54.28,Wonka
2024-07-13,Service Y,Service,693.42,Stark
2024-07-14,Widget A,Matériel,431.29,Wayne
2024-07-14,Service Y,Service,688.03,Initech
2024-07-14,Widget B,Matériel,860.14,Stark
2024-07-14,Widget B,Matériel,860.68,Hooli
2024-07-15,Service X,Service,427.09,Stark
2024-07-15,Widget A,Matériel,892.23,Initech
2024-07-16,Widget A,Matériel,130.57,Wayne
2024-07-16,Widget B,Matériel,731.76,Umbrella
2024-07-16,Service Y,Service,998.81,Wayne
2024-07-16,Widget B,Matériel,437.54,Stark
2024-07-16,Widget A,Matériel,596.13,Globex
2024-07-16,Service Y,Service,715.84,Wayne
2024-07-16,Widget C,Matériel,422.75,Umbrella
2024-07-17,Widget B,Matériel,177.65,Umbrella
2024-07-17,Widget A,Matériel,113.81,Initech
2024-07-17,Widget B,Matériel,66.79,Globex
2024-07-17,Widget B,Matériel,652.81,Umbrella
2024-07-17,Service Y,Service,449.36,Initech
2024-07-17,Service Y,Service,764.36,Hooli
2024-07-17,Widget C,Matériel,320.31,Stark
2024-07-17,Widget B,Matériel,273.34,Hooli
2024-07-18,Widget B,Matériel,913.61,Initech
2024-07-18,Widget C,Matériel,755.2,Globex
2024-07-18,Widget C,Matériel,670.77,Acme
2024-07-18,Widget B,Matériel,279.3,Initech
2024-07-18,Widget B,Matériel,197.67,Initech
2024-07-19,Widget A,Matériel,583.41,Initech
2024-07-19,Widget B,Matériel,794.63,Wonka
2024-07-19,Service X,Service,502.44,Umbrella
2024-07-19,Service Y,Service,690.87,Hooli
2024-07-19,Widget B,Matériel,907.43,Wonka
2024-07-19,Widget B,Matériel,225.92,Wonka
2024-07-19,Widget A,Matériel,146.8,Stark
2024-07-20,Service X,Service,957.58,Wonka
2024-07-20,Widget C,Matériel,461.32,Globex
2024-07-20,Widget A,Matériel,961.79,Wayne
2024-07-22,Widget A,Matériel,283.76,Stark
2024-07-22,Widget A,Matériel,482.36,Initech
2024-07-23,Service X,Service,98.41,Initech
2024-07-23,Service Y,Service,415.28,Acme
2024-07-23,Service X,Service,713.28,Acme
2024-07-23,Widget C,Matériel,336.97,Globex
2024-07-24,Widget B,Matériel,445.78,Globex
2024-07-24,Widget A,Matériel,156.47,Umbrella
2024-07-24,Service Y,Service,51.17,Acme
2024-07-24,Widget C,Matériel,515.03,Acme
2024-07-25,Widget C,Matériel,791.55,Umbrella
2024-07-25,Widget C,Matériel,297.33,Wonka
2024-07-26,Widget B,Matériel,280.36,Hooli
2024-07-26,Widget C,Matériel,699.1,Initech
2024-07-27,Service X,Service,933.87,Initech
2024-07-27,Widget C,Matériel,487.73,Acme
2024-07-28,Service X,Service,192.93,Stark
2024-07-28,Widget A,Matériel,181.3,Acme
2024-07-28,Service Y,Service,58.8,Hooli
2024-07-28,Widget A,Matériel,79.72,Globex
2024-07-28,Widget A,Matériel,639.14,Umbrella
2024-07-28,Widget B,Matériel,590.75,Globex
2024-07-28,Widget C,Matériel,856.96,Umbrella
2024-07-30,Service Y,Service,638.16,Umbrella
2024-07-30,Widget A,Matériel,784.29,Hooli
2024-07-31,Widget B,Matériel,922.85,Initech
2024-07-31,Widget C,Matériel,623.25,Umbrella
2024-07-31,Service Y,Service,393.46,Hooli
2024-07-31,Service X,Service,352.48,Wonka
2024-07-31,Widget C,Matériel,620.7,Wonka
2024-07-31,Widget B,Matériel,443.32,Globex
2024-07-31,Service X,Service,124.2,Initech
2024-08-01,Widget A,Matériel,379.15,Umbrella
2024-08-01,Widget A,Matériel,207.21,Wayne
2024-08-01,Service X,Service,722.69,Initech
2024-08-01,Service X,Service,351.3,Acme
2024-08-01,Service Y,Service,614.14,Globex
2024-08-01,Widget A,Matériel,186.53,Wayne
2024-08-01,Service X,Service,214.3,Wonka
2024-08-02,Widget A,Matériel,53.81,Hooli
2024-08-02,Service Y,Service,993.43,Acme
2024-08-02,Widget C,Matériel,170.56,Stark
2024-08-02,Widget C,Matériel,886.36,Hooli
2024-08-03,Widget C,Matériel,640.7,Globex
2024-08-03,Widget B,Matériel,97.99,Umbrella
2024-08-03,Widget C,Matériel,330.02,Initech
2024-08-04,Service Y,Service,67.25,Wonka
2024-08-04,Widget A,Matériel,269.72,Stark
2024-08-04,Service Y,Service,290.98,Wonka
2024-08-04,Service X,Service,575.86,Stark
2024-08-04,Widget C,Matériel,693.74,Umbrella
2024-08-05,Service X,Service,588.59,Initech
2024-08-05,Service X,Service,984.25,Globex
2024-08-05,Widget C,Matériel,538.85,Hooli
2024-08-05,Widget A,Matériel,806.23,Initech
2024-08-06,Widget C,Matériel,139.37,Umbrella
2024-08-06,Service X,Service,425.26,Hooli
2024-08-06,Widget A,Matériel,191.91,Wayne
2024-08-06,Widget B,Matériel,219.52,Hooli
2024-08-07,Widget A,Matériel,866.03,Hooli
2024-08-07,Service Y,Service,251.54,Initech
2024-08-07,Widget C,Matériel,746.82,Wayne
2024-08-07,Service Y,Service,410.1,Umbrella
2024-08-07,Widget C,Matériel,754.63,Wayne
2024-08-07,Service X,Service,793.81,Hooli
2024-08-08,Widget C,Matériel,908.77,Acme
2024-08-08,Service X,Service,808.19,Wonka
2024-08-08,Widget C,Matériel,244.18,Acme
2024-08-08,Widget C,Matériel,71.98,Wayne
2024-08-08,Widget B,Matériel,408.29,Hooli
2024-08-09,Service X,Service,893.19,Wayne
2024-08-09,Widget B,Matériel,353.18,Initech
2024-08-09,Service X,Service,601.94,Umbrella
2024-08-09,Widget C,Matériel,621.69,Stark
2024-08-09,Service Y,Service,494.26,Acme
2024-08-09,Widget A,Matériel,408.35,Initech
2024-08-09,Widget B,Matériel,174.55,Initech
2024-08-10,Widget B,Matériel,372.5,Wayne
2024-08-12,Service X,Service,143.98,Globex
2024-08-12,Widget C,Matériel,886.98,Wonka
2024-08-12,Widget B,Matériel,241.98,Initech
2024-08-12,Service Y,Service,545.91,Globex
2024-08-12,Widget A,Matériel,296.47,Umbrella
2024-08-12,Widget A,Matériel,507.42,Acme
2024-08-12,Widget A,Matériel,669.89,Hooli
2024-08-12,Service X,Service,155.16,Umbrella
2024-08-13,Widget B,Matériel,330.04,Initech
2024-08-13,Service X,Service,882.88,Wonka
2024-08-14,Widget A,Matériel,983.25,Hooli
2024-08-14,Widget B,Matériel,118.23,Hooli
2024-08-14,Widget C,Matériel,339.24,Globex
2024-08-14,Widget B,Matériel,142.13,Stark
2024-08-14,Service Y,Service,635.92,Wonka
2024-08-14,Widget C,Matériel,207.05,Stark
2024-08-14,Widget A,Matériel,202.3,Initech
2024-08-14,Widget A,Matériel,605.02,Wonka
2024-08-15,Service X,Service,331.23,Wonka
2024-08-15,Widget B,Matériel,434.61,Acme
2024-08-15,Service X,Service,783.74,Acme
2024-08-15,Widget B,Matériel,944.46,Umbrella
2024-08-16,Widget B,Matériel,145.38,Hooli
2024-08-17,Widget B,Matériel,854.15,Stark
2024-08-17,Widget A,Matériel,442.89,Acme
2024-08-17,Widget C,Matériel,283.0,Hooli
2024-08-18,Widget A,Matériel,880.85,Wonka
2024-08-18,Service X,Service,554.31,Initech
2024-08-18,Service X,Service,282.56,Globex
2024-08-18,Widget B,Matériel,943.02,Globex
2024-08-18,Widget A,Matériel,788.49,Hooli
2024-08-18,Widget B,Matériel,516.08,Stark
2024-08-19,Widget C,Matériel,559.74,Wonka
2024-08-19,Widget C,Matériel,175.17,Initech
2024-08-19,Widget A,Matériel,954.64,Acme
2024-08-19,Widget C,Matériel,955.55,Globex
2024-08-20,Widget B,Matériel,247.33,Stark
2024-08-21,Widget B,Matériel,78.55,Umbrella
2024-08-22,Widget A,Matériel,355.46,Hooli
2024-08-23,Service X,Service,491.76,Hooli
2024-08-23,Widget C,Matériel,555.29,Wayne
2024-08-23,Widget A,Matériel,989.17,Globex
2024-08-23,Service Y,Service,754.53,Initech
2024-08-23,Widget C,Matériel,195.23,Wonka
2024-08-23,Service Y,Service,374.32,Stark
2024-08-23,Widget A,Matériel,375.28,Acme
2024-08-23,Service X,Service,641.57,Acme
2024-08-24,Service X,Service,251.36,Wonka
2024-08-24,Widget B,Matériel,466.09,Hooli
2024-08-24,Widget B,Matériel,52.19,Wayne
2024-08-24,Widget C,Matériel,316.85,Hooli
2024-08-24,Service Y,Service,485.35,Acme
2024-08-24,Service X,Service,194.71,Globex
2024-08-25,Service X,Service,423.28,Globex
2024-08-25,Service Y,Service,353.2,Umbrella
2024-08-25,Service X,Service,488.04,Initech
2024-08-25,Service X,Service,619.71,Acme
2024-08-25,Widget C,Matériel,952.56,Stark
2024-08-25,Widget B,Matériel,218.37,Acme
2024-08-25,Service X,Service,853.71,Stark
2024-08-27,Widget C,Matériel,897.86,Wayne
2024-08-27,Service X,Service,992.22,Umbrella
2024-08-27,Widget C,Matériel,677.0,Globex
2024-08-27,Widget B,Matériel,950.16,Wayne
2024-08-27,Widget B,Matériel,751.59,Umbrella
2024-08-27,Widget C,Matériel,583.73,Globex
2024-08-27,Service X,Service,533.49,Wayne
2024-08-27,Service Y,Service,448.34,Globex
2024-08-28,Widget C,Matériel,437.75,Initech
2024-08-28,Widget C,Matériel,169.52,Umbrella
2024-08-28,Service Y,Service,684.12,Acme
2024-08-28,Widget A,Matériel,679.76,Wayne
2024-08-28,Widget B,Matériel,360.22,Acme
2024-08-29,Widget A,Matériel,789.24,Hooli
2024-08-29,Service Y,Service,284.35,Hooli
2024-08-29,Service X,Service,172.89,Wonka
2024-08-29,Widget B,Matériel,181.72,Initech
2024-08-29,Widget B,Matériel,691.0,Hooli
2024-08-29,Service Y,Service,242.4,Hooli
2024-08-29,Widget C,Matériel,716.32,Wonka
2024-08-30,Widget C,Matériel,292.35,Stark
2024-08-30,Widget B,Matériel,354.47,Wayne
2024-08-30,Service X,Service,429.69,Hooli
2024-08-30,Widget C,Matériel,72.07,Wayne
2024-08-30,Widget C,Matériel,881.35,Umbrella
2024-08-30,Service Y,Service,471.75,Stark
2024-08-30,Widget A,Matériel,861.29,Hooli
2024-08-30,Widget B,Matériel,567.32,Initech
2024-08-31,Widget C,Matériel,650.59,Wonka
2024-08-31,Widget B,Matériel,281.99,Umbrella
2024-08-31,Service Y,Service,927.68,Initech
2024-08-31,Service Y,Service,979.29,Acme
2024-08-31,Service X,Service,776.43,Globex
2024-08-31,Service X,Service,506.58,Wayne
2024-09-01,Service X,Service,662.58,Globex
2024-09-01,Service X,Service,294.92,Initech
2024-09-01,Widget C,Matériel,439.48,Stark
2024-09-01,Widget B,Matériel,825.25,Globex
2024-09-02,Service Y,Service,209.31,Initech
2024-09-02,Widget A,Matériel,369.32,Umbrella
2024-09-03,Widget A,Matériel,181.41,Wonka
2024-09-03,Service X,Service,159.92,Wonka
2024-09-03,Widget A,Matériel,998.68,Umbrella
2024-09-03,Widget B,Matériel,196.27,Globex
2024-09-03,Widget A,Matériel,638.69,Umbrella
2024-09-03,Service Y,Service,981.78,Hooli
2024-09-03,Service X,Service,181.1,Acme
2024-09-04,Service X,Service,307.1,Umbrella
2024-09-04,Service Y,Service,680.28,Umbrella
2024-09-04,Widget A,Matériel,840.9,Stark
2024-09-04,Widget A,Matériel,452.32,Stark
2024-09-04,Widget C,Matériel,525.73,Initech
2024-09-05,Service X,Service,992.44,Wayne
2024-09-05,Widget A,Matériel,540.64,Hooli
2024-09-05,Widget A,Matériel,741.45,Acme
2024-09-05,Widget A,Matériel,352.41,Hooli
2024-09-05,Widget B,Matériel,453.54,Umbrella
2024-09-05,Widget B,Matériel,688.65,Acme
2024-09-06,Widget B,Matériel,798.09,Wayne
2024-09-06,Service Y,Service,830.17,Hooli
2024-09-06,Widget C,Matériel,355.47,Globex
2024-09-06,Service X,Service,811.32,Globex
2024-09-06,Widget C,Matériel,898.38,Initech
2024-09-06,Widget A,Matériel,885.12,Hooli
2024-09-08,Widget A,Matériel,557.15,Initech
2024-09-08,Widget A,Matériel,100.17,Globex
2024-09-11,Service Y,Service,83.1,Wonka
2024-09-11,Widget B,Matériel,831.97,Wayne
2024-09-11,Widget B,Matériel,189.52,Globex
2024-09-13,Widget B,Matériel,561.99,Wonka
2024-09-13,Widget C,Matériel,138.12,Wonka
2024-09-13,Widget C,Matériel,750.91,Umbrella
2024-09-13,Widget C,Matériel,764.71,Initech
2024-09-13,Widget B,Matériel,762.75,Stark
2024-09-13,Service X,Service,399.51,Umbrella
2024-09-13,Widget C,Matériel,247.96,Globex
2024-09-14,Service X,Service,162.96,Wonka
2024-09-14,Widget A,Matériel,217.48,Globex
2024-09-14,Widget A,Matériel,831.95,Acme
2024-09-14,Widget B,Matériel,990.87,Wonka
2024-09-14,Widget A,Matériel,670.86,Globex
2024-09-15,Service Y,Service,881.33,Umbrella
2024-09-15,Service Y,Service,879.22,Hooli
2024-09-15,Widget C,Matériel,259.76,Globex
2024-09-15,Widget C,Matériel,324.63,Wayne
2024-09-16,Service X,Service,588.1,Wayne
2024-09-16,Widget C,Matériel,837.12,Initech
2024-09-17,Widget C,Matériel,96.99,Acme
2024-09-17,Service Y,Service,511.88,Stark
2024-09-17,Service X,Service,447.72,Initech
2024-09-17,Widget B,Matériel,835.28,Wonka
2024-09-17,Widget B,Matériel,416.1,Stark
2024-09-17,Service X,Service,545.82,Initech
2024-09-18,Widget B,Matériel,585.89,Wayne
2024-09-19,Service Y,Service,51.01,Acme
2024-09-19,Widget A,Matériel,899.79,Globex
2024-09-19,Service X,Service,213.36,Wayne
2024-09-19,Service Y,Service,496.46,Hooli
2024-09-19,Service Y,Service,938.76,Umbrella
2024-09-19,Widget C,Matériel,254.42,Acme
2024-09-20,Widget C,Matériel,235.71,Initech
2024-09-20,Service X,Service,253.39,Hooli
2024-09-20,Widget A,Matériel,246.64,Acme
2024-09-20,Widget C,Matériel,217.33,Acme
2024-09-21,Service X,Service,354.38,Wonka
2024-09-22,Widget B,Matériel,102.51,Stark
2024-09-22,Widget B,Matériel,301.57,Hooli
2024-09-22,Service X,Service,245.12,Wonka
2024-09-23,Widget A,Matériel,144.84,Hooli
2024-09-23,Service X,Service,159.56,Acme
2024-09-23,Widget C,Matériel,165.87,Stark
2024-09-23,Widget A,Matériel,766.56,Wonka
2024-09-23,Widget A,Matériel,549.76,Wonka
2024-09-23,Widget A,Matériel,91.97,Hooli
2024-09-23,Widget B,Matériel,357.74,Umbrella
2024-09-24,Service Y,Service,598.02,Hooli
2024-09-24,Service Y,Service,211.82,Wonka
2024-09-24,Service Y,Service,523.71,Stark
2024-09-24,Widget C,Matériel,972.34,Hooli
2024-09-25,Service Y,Service,605.52,Umbrella
2024-09-25,Widget C,Matériel,355.03,Globex
2024-09-25,Widget B,Matériel,148.12,Globex
2024-09-26,Service Y,Service,609.86,Stark
2024-09-26,Widget B,Matériel,438.24,Umbrella
2024-09-26,Widget C,Matériel,651.49,Umbrella
2024-09-26,Service Y,Service,936.14,Wayne
2024-09-26,Widget B,Matériel,362.8,Initech
2024-09-26,Widget C,Matériel,589.54,Umbrella
2024-09-26,Widget C,Matériel,675.82,Initech
2024-09-27,Widget B,Matériel,378.44,Initech
2024-09-27,Widget A,Matériel,139.91,Umbrella
2024-09-27,Widget B,Matériel,736.96,Globex
2024-09-27,Service Y,Service,253.81,Umbrella
2024-09-28,Widget C,Matériel,767.76,Stark
2024-09-28,Widget B,Matériel,835.45,Hooli
2024-09-28,Service Y,Service,617.52,Acme
2024-09-28,Service X,Service,99.95,Wayne
2024-09-28,Service Y,Service,422.86,Acme
2024-09-28,Service Y,Service,600.03,Hooli
2024-09-28,Widget A,Matériel,86.61,Hooli
2024-09-29,Service Y,Service,75.21,Stark
2024-09-29,Widget B,Matériel,859.54,Wayne
2024-09-29,Widget B,Matériel,492.47,Umbrella
2024-09-29,Widget C,Matériel,797.32,Acme
2024-09-29,Service Y,Service,884.83,Initech
2024-09-29,Service Y,Service,586.82,Initech
2024-10-01,Service X,Service,786.16,Globex
2024-10-01,Widget A,Matériel,559.66,Umbrella
2024-10-02,Service Y,Service,965.4,Wonka
2024-10-02,Service Y,Service,228.23,Hooli
2024-10-03,Service Y,Service,405.74,Hooli
2024-10-03,Widget A,Matériel,820.41,Acme
2024-10-03,Widget C,Matériel,586.17,Umbrella
2024-10-03,Service X,Service,626.85,Hooli
2024-10-03,Service Y,Service,401.49,Umbrella
2024-10-04,Widget C,Matériel,162.48,Hooli
2024-10-05,Widget B,Matériel,320.18,Wonka
2024-10-05,Service X,Service,880.62,Initech
2024-10-05,Widget A,Matériel,544.43,Acme
2024-10-05,Widget C,Matériel,705.62,Umbrella
2024-10-05,Widget C,Matériel,684.91,Globex
2024-10-05,Widget A,Matériel,637.78,Umbrella
2024-10-05,Widget A,Matériel,488.64,Acme
2024-10-06,Widget C,Matériel,253.61,Umbrella
2024-10-06,Widget A,Matériel,229.05,Umbrella
2024-10-06,Widget B,Matériel,141.97,Stark
2024-10-06,Service Y,Service,434.74,Globex
2024-10-06,Service Y,Service,975.7,Globex
2024-10-06,Widget A,Matériel,669.09,Hooli
2024-10-06,Service Y,Service,652.52,Initech
2024-10-06,Widget C,Matériel,459.52,Initech
2024-10-08,Widget C,Matériel,993.87,Umbrella
2024-10-09,Service X,Service,720.51,Acme
2024-10-09,Widget C,Matériel,907.84,Initech
2024-10-09,Widget B,Matériel,939.08,Acme
2024-10-09,Service X,Service,161.63,Wonka
2024-10-09,Widget B,Matériel,842.97,Acme
2024-10-09,Service Y,Service,558.15,Globex
2024-10-09,Widget A,Matériel,589.08,Hooli
2024-10-09,Service X,Service,472.77,Umbrella
2024-10-10,Widget A,Matériel,970.31,Initech
2024-10-10,Widget B,Matériel,229.9,Stark
2024-10-10,Widget B,Matériel,966.15,Globex
2024-10-10,Widget A,Matériel,873.94,Globex
2024-10-10,Service X,Service,838.52,Globex
2024-10-10,Service Y,Service,850.05,Initech
2024-10-10,Service Y,Service,170.59,Hooli
2024-10-10,Service X,Service,568.39,Umbrella
2024-10-11,Service Y,Service,973.21,Hooli
2024-10-11,Widget C,Matériel,508.79,Wayne
2024-10-11,Widget C,Matériel,417.02,Umbrella
2024-10-11,Widget B,Matériel,421.93,Initech
2024-10-12,Widget A,Matériel,123.56,Stark
2024-10-13,Service X,Service,934.15,Umbrella
2024-10-13,Service Y,Service,83.42,Stark
2024-10-13,Widget B,Matériel,245.53,Globex
2024-10-13,Widget B,Matériel,257.77,Hooli
2024-10-13,Widget B,Matériel,939.37,Stark
2024-10-13,Service Y,Service,274.54,Hooli
2024-10-13,Widget C,Matériel,195.92,Acme
2024-10-14,Widget A,Matériel,235.37,Globex
2024-10-14,Widget C,Matériel,916.83,Initech
2024-10-14,Widget C,Matériel,644.69,Wonka
2024-10-14,Widget B,Matériel,810.55,Wonka
2024-10-14,Service X,Service,870.93,Stark
2024-10-14,Service Y,Service,380.51,Acme
2024-10-14,Widget A,Matériel,264.63,Umbrella
2024-10-14,Widget C,Matériel,948.41,Wonka
2024-10-15,Widget B,Matériel,563.45,Wonka
2024-10-15,Widget C,Matériel,354.7,Globex
2024-10-15,Widget A,Matériel,689.21,Wayne
2024-10-16,Widget C,Matériel,267.21,Wonka
2024-10-17,Service Y,Service,939.84,Globex
2024-10-17,Service X,Service,151.95,Globex
2024-10-17,Widget C,Matériel,543.57,Umbrella
2024-10-17,Widget A,Matériel,464.83,Stark
2024-10-17,Widget B,Matériel,511.97,Hooli
2024-10-17,Widget C,Matériel,450.68,Umbrella
2024-10-18,Widget A,Matériel,613.31,Globex
2024-10-18,Widget B,Matériel,655.73,Stark
2024-10-18,Widget A,Matériel,982.32,Acme
2024-10-18,Widget C,Matériel,901.92,Initech
2024-10-18,Widget C,Matériel,107.31,Wonka
2024-10-18,Service Y,Service,665.77,Wayne
2024-10-18,Service X,Service,456.76,Umbrella
2024-10-18,Service X,Service,863.42,Wonka
2024-10-19,Widget B,Matériel,679.4,Initech
2024-10-19,Service X,Service,962.56,Wayne
2024-10-19,Service X,Service,453.83,Initech
2024-10-19,Service X,Service,530.47,Wonka
2024-10-19,Widget A,Matériel,486.72,Wayne
2024-10-20,Widget B,Matériel,757.94,Initech
2024-10-20,Widget A,Matériel,238.65,Initech
2024-10-20,Service X,Service,759.91,Globex
2024-10-20,Service Y,Service,308.96,Stark
2024-10-23,Service Y,Service,237.78,Globex
2024-10-23,Widget B,Matériel,552.92,Initech
2024-10-23,Widget A,Matériel,772.52,Hooli
2024-10-23,Widget A,Matériel,216.42,Wayne
2024-10-23,Service X,Service,504.48,Initech
2024-10-23,Service Y,Service,309.76,Globex
2024-10-23,Widget B,Matériel,170.91,Initech
2024-10-23,Service X,Service,719.78,Stark
2024-10-24,Widget A,Matériel,507.07,Globex
2024-10-25,Widget C,Matériel,824.32,Wayne
2024-10-25,Widget B,Matériel,829.53,Umbrella
2024-10-25,Widget B,Matériel,392.77,Globex
2024-10-25,Widget A,Matériel,494.11,Globex
2024-10-25,Widget B,Matériel,278.88,Umbrella
2024-10-25,Service Y,Service,348.15,Wonka
2024-10-25,Widget A,Matériel,174.35,Initech
2024-10-27,Service X,Service,400.81,Initech
2024-10-27,Service Y,Service,775.0,Globex
2024-10-27,Widget A,Matériel,523.04,Hooli
2024-10-28,Service X,Service,873.81,Stark
2024-10-28,Service Y,Service,632.84,Umbrella
2024-10-28,Service Y,Service,913.18,Stark
2024-10-28,Service X,Service,487.88,Wonka
2024-10-28,Widget A,Matériel,65.02,Stark
2024-10-29,Widget C,Matériel,436.99,Umbrella
2024-10-29,Widget C,Matériel,574.55,Stark
2024-10-29,Service X,Service,153.22,Wonka
2024-10-29,Service X,Service,803.35,Globex
2024-10-31,Service X,Service,879.27,Hooli
2024-10-31,Widget A,Matériel,348.63,Hooli
2024-10-31,Widget A,Matériel,304.68,Umbrella
2024-10-31,Service Y,Service,941.87,Stark
2024-10-31,Widget C,Matériel,579.15,Initech
2024-10-31,Service X,Service,211.31,Initech
2024-10-31,Widget B,Matériel,105.05,Globex
2024-11-01,Service Y,Service,432.74,Acme
2024-11-01,Service Y,Service,697.26,Wayne
2024-11-01,Widget A,Matériel,216.69,Globex
2024-11-01,Service Y,Service,301.48,Hooli
2024-11-01,Service Y,Service,183.05,Initech
2024-11-02,Service Y,Service,273.49,Wonka
2024-11-02,Service Y,Service,966.29,Initech
2024-11-02,Widget C,Matériel,458.46,Initech
2024-11-02,Service Y,Service,290.38,Umbrella
2024-11-02,Service X,Service,783.26,Wonka
2024-11-02,Widget C,Matériel,843.37,Umbrella
2024-11-03,Widget B,Matériel,54.09,Stark
2024-11-03,Widget C,Matériel,994.37,Hooli
2024-11-03,Widget A,Matériel,247.6,Hooli
2024-11-03,Widget C,Matériel,819.44,Wonka
2024-11-03,Widget A,Matériel,425.47,Initech
2024-11-03,Service X,Service,402.97,Globex
2024-11-03,Widget A,Matériel,235.72,Stark
2024-11-04,Widget C,Matériel,868.72,Umbrella
2024-11-04,Widget C,Matériel,705.88,Wayne
2024-11-04,Widget A,Matériel,441.25,Hooli
2024-11-05,Widget C,Matériel,927.18,Acme
2024-11-05,Widget B,Matériel,743.32,Acme
2024-11-05,Service X,Service,142.9,Umbrella
2024-11-05,Widget C,Matériel,240.53,Globex
2024-11-05,Widget A,Matériel,490.64,Globex
2024-11-06,Widget A,Matériel,912.22,Wonka
2024-11-06,Widget C,Matériel,302.73,Wonka
2024-11-07,Widget B,Matériel,291.99,Initech
2024-11-07,Widget A,Matériel,946.61,Stark
2024-11-07,Widget C,Matériel,263.46,Umbrella
2024-11-07,Service Y,Service,429.24,Initech
2024-11-07,Widget A,Matériel,203.84,Wonka
2024-11-08,Widget C,Matériel,250.39,Wonka
2024-11-08,Widget B,Matériel,858.45,Hooli
2024-11-08,Widget B,Matériel,266.28,Wonka
2024-11-08,Widget C,Matériel,874.05,Acme
2024-11-08,Widget C,Matériel,637.97,Initech
2024-11-09,Service X,Service,171.88,Acme
2024-11-09,Service X,Service,941.59,Acme
2024-11-09,Service X,Service,469.16,Acme
2024-11-09,Service Y,Service,551.08,Hooli
2024-11-10,Widget A,Matériel,761.89,Wonka
2024-11-10,Service X,Service,161.95,Initech
2024-11-10,Service Y,Service,527.73,Globex
2024-11-10,Service X,Service,603.51,Stark
2024-11-10,Service Y,Service,797.55,Umbrella
2024-11-10,Service Y,Service,284.39,Hooli
2024-11-11,Service X,Service,694.07,Initech
2024-11-11,Widget C,Matériel,229.1,Initech
2024-11-11,Service X,Service,962.59,Acme
2024-11-11,Service X,Service,921.97,Globex
2024-11-11,Service Y,Service,384.45,Initech
2024-11-11,Service X,Service,500.24,Acme
2024-11-12,Widget B,Matériel,441.76,Acme
2024-11-12,Service X,Service,319.85,Hooli
2024-11-12,Widget C,Matériel,413.64,Wonka
2024-11-12,Service X,Service,889.35,Hooli
2024-11-12,Service X,Service,781.68,Initech
2024-11-12,Widget B,Matériel,626.04,Initech
2024-11-12,Widget B,Matériel,838.12,Wayne
2024-11-12,Service Y,Service,259.15,Acme
2024-11-13,Service X,Service,585.35,Stark
2024-11-13,Widget C,Matériel,102.45,Umbrella
2024-11-13,Widget B,Matériel,871.85,Wonka
2024-11-13,Widget A,Matériel,426.61,Umbrella
2024-11-13,Service Y,Service,98.34,Initech
2024-11-13,Service X,Service,294.73,Stark
2024-11-13,Service Y,Service,758.76,Wayne
2024-11-13,Service Y,Service,255.13,Stark
2024-11-14,Widget C,Matériel,283.41,Wonka
2024-11-14,Service X,Service,75.82,Globex
2024-11-14,Widget B,Matériel,724.52,Hooli
2024-11-14,Widget A,Matériel,756.79,Wayne
2024-11-15,Widget C,Matériel,502.33,Acme
2024-11-15,Widget C,Matériel,658.42,Initech
2024-11-15,Widget B,Matériel,893.66,Wonka
2024-11-15,Service Y,Service,382.09,Hooli
2024-11-15,Widget C,Matériel,183.98,Initech
2024-11-15,Service Y,Service,907.75,Wayne
2024-11-15,Service Y,Service,365.55,Wonka
2024-11-15,Widget A,Matériel,251.18,Globex
2024-11-17,Widget A,Matériel,117.74,Acme
2024-11-18,Widget A,Matériel,175.91,Acme
2024-11-18,Widget C,Matériel,601.23,Wonka
2024-11-18,Widget A,Matériel,649.37,Wonka
2024-11-18,Widget C,Matériel,656.54,Hooli
2024-11-18,Widget C,Matériel,727.11,Stark
2024-11-18,Widget C,Matériel,378.76,Umbrella
2024-11-18,Widget A,Matériel,211.23,Umbrella
2024-11-18,Widget C,Matériel,297.67,Wonka
2024-11-19,Widget A,Matériel,284.03,Wonka
2024-11-19,Service Y,Service,363.69,Hooli
2024-11-19,Service X,Service,863.59,Hooli
2024-11-21,Service X,Service,342.28,Wonka
2024-11-21,Widget B,Matériel,704.46,Wayne
2024-11-21,Service Y,Service,330.27,Hooli
2024-11-21,Widget C,Matériel,325.34,Initech
2024-11-21,Widget C,Matériel,640.77,Umbrella
2024-11-21,Service X,Service,642.37,Hooli
2024-11-21,Widget A,Matériel,708.86,Stark
2024-11-22,Widget C,Matériel,120.37,Wayne
2024-11-22,Service X,Service,438.58,Umbrella
2024-11-22,Widget C,Matériel,261.25,Acme
2024-11-22,Widget B,Matériel,755.76,Umbrella
2024-11-22,Service X,Service,838.26,Globex
2024-11-22,Widget C,Matériel,772.4,Stark
2024-11-23,Widget C,Matériel,524.23,Acme
2024-11-23,Service X,Service,931.57,Hooli
2024-11-23,Widget C,Matériel,552.22,Wayne
2024-11-23,Service X,Service,750.64,Acme
2024-11-23,Widget A,Matériel,539.9,Wayne
2024-11-23,Widget C,Matériel,925.6,Initech
2024-11-23,Widget C,Matériel,494.9,Hooli
2024-11-23,Service Y,Service,478.05,Stark
2024-11-24,Widget C,Matériel,140.43,Globex
2024-11-25,Widget A,Matériel,460.35,Initech
2024-11-25,Service X,Service,746.79,Wayne
2024-11-25,Widget A,Matériel,591.48,Hooli
2024-11-25,Widget A,Matériel,944.02,Hooli
2024-11-25,Widget A,Matériel,645.31,Globex
2024-11-26,Widget B,Matériel,441.65,Wayne
2024-11-26,Widget B,Matériel,269.15,Wonka
2024-11-27,Service Y,Service,525.2,Globex
2024-11-27,Service X,Service,857.24,Initech
2024-11-28,Service Y,Service,322.55,Globex
2024-11-28,Widget B,Matériel,299.73,Initech
2024-11-28,Service X,Service,993.85,Stark
2024-11-28,Widget A,Matériel,550.43,Hooli
2024-11-28,Widget B,Matériel,866.97,Wayne
2024-11-28,Widget C,Matériel,243.67,Hooli
2024-11-28,Widget B,Matériel,841.2,Stark
2024-11-28,Widget B,Matériel,467.82,Initech
2024-11-29,Service Y,Service,985.79,Hooli
2024-11-29,Service Y,Service,808.53,Hooli
2024-11-30,Widget A,Matériel,569.92,Initech
2024-11-30,Widget A,Matériel,530.23,Stark
2024-12-01,Service X,Service,437.91,Wayne
2024-12-01,Service X,Service,366.87,Umbrella
2024-12-01,Widget B,Matériel,170.86,Umbrella
2024-12-01,Widget A,Matériel,857.99,Hooli
2024-12-01,Widget C,Matériel,266.47,Acme
2024-12-02,Service Y,Service,70.1,Stark
2024-12-02,Service Y,Service,218.15,Initech
2024-12-02,Widget B,Matériel,311.28,Wayne
2024-12-02,Service X,Service,102.19,Acme
2024-12-02,Service Y,Service,70.64,Stark
2024-12-02,Widget A,Matériel,197.63,Wonka
2024-12-03,Service X,Service,472.45,Wayne
2024-12-03,Widget C,Matériel,118.21,Umbrella
2024-12-03,Service Y,Service,898.4,Globex
2024-12-03,Widget A,Matériel,219.67,Stark
2024-12-04,Widget B,Matériel,192.54,Stark
2024-12-04,Service Y,Service,676.99,Globex
2024-12-04,Widget A,Matériel,619.46,Wayne
2024-12-04,Service Y,Service,519.36,Hooli
2024-12-04,Widget C,Matériel,503.37,Initech
2024-12-04,Service X,Service,263.2,Initech
2024-12-04,Service X,Service,384.6,Acme
2024-12-04,Widget C,Matériel,67.52,Wayne
2024-12-05,Widget C,Matériel,661.81,Globex
2024-12-05,Service X,Service,787.82,Stark
2024-12-06,Widget B,Matériel,147.66,Wayne
2024-12-06,Service Y,Service,623.24,Umbrella
2024-12-06,Service X,Service,90.42,Globex
2024-12-06,Service Y,Service,482.15,Globex
2024-12-06,Widget A,Matériel,217.83,Umbrella
2024-12-06,Widget A,Matériel,929.4,Wonka
2024-12-06,Widget C,Matériel,933.09,Globex
2024-12-07,Widget A,Matériel,928.71,Stark
2024-12-07,Service Y,Service,61.45,Wonka
2024-12-07,Service X,Service,971.69,Globex
2024-12-07,Service Y,Service,972.17,Globex
2024-12-08,Service X,Service,857.3,Acme
2024-12-08,Widget A,Matériel,634.0,Stark
2024-12-08,Widget C,Matériel,593.25,Umbrella
2024-12-08,Widget C,Matériel,752.78,Globex
2024-12-09,Widget A,Matériel,743.29,Globex
2024-12-09,Service Y,Service,498.85,Wayne
2024-12-09,Widget C,Matériel,346.6,Hooli
2024-12-09,Service Y,Service,746.47,Acme
2024-12-09,Widget B,Matériel,216.07,Umbrella
2024-12-09,Widget B,Matériel,490.73,Stark
2024-12-10,Widget C,Matériel,254.48,Wayne
2024-12-10,Service Y,Service,409.29,Wonka
2024-12-10,Widget A,Matériel,279.61,Wonka
2024-12-10,Widget C,Matériel,930.34,Stark
2024-12-10,Widget A,Matériel,708.28,Initech
2024-12-10,Service X,Service,193.07,Hooli
2024-12-10,Widget C,Matériel,690.49,Acme
2024-12-10,Service Y,Service,117.68,Initech
2024-12-11,Widget C,Matériel,766.08,Globex
2024-12-11,Widget B,Matériel,368.29,Acme
2024-12-11,Service Y,Service,544.07,Initech
2024-12-12,Widget A,Matériel,955.33,Umbrella
2024-12-12,Widget B,Matériel,160.1,Wayne
2024-12-12,Widget B,Matériel,514.8,Hooli
2024-12-12,Widget B,Matériel,195.06,Globex
2024-12-12,Widget A,Matériel,95.0,Wayne
2024-12-12,Widget C,Matériel,182.8,Initech
2024-12-12,Widget B,Matériel,443.64,Umbrella
2024-12-13,Widget C,Matériel,315.65,Umbrella
2024-12-13,Widget A,Matériel,633.67,Initech
2024-12-13,Widget B,Matériel,668.77,Wonka
2024-12-13,Widget A,Matériel,63.09,Umbrella
2024-12-14,Widget B,Matériel,424.37,Umbrella
2024-12-14,Service X,Service,408.95,Wonka
2024-12-15,Widget C,Matériel,613.84,Globex
2024-12-15,Widget A,Matériel,539.38,Wonka
2024-12-15,Widget B,Matériel,450.22,Wayne
2024-12-15,Widget A,Matériel,793.68,Wonka
2024-12-15,Service Y,Service,71.16,Hooli
2024-12-15,Service X,Service,775.65,Hooli
2024-12-15,Widget B,Matériel,798.18,Stark
2024-12-16,Widget B,Matériel,981.95,Hooli
2024-12-16,Service X,Service,472.69,Acme
2024-12-16,Service Y,Service,189.41,Stark
2024-12-16,Service X,Service,988.27,Initech
2024-12-16,Widget A,Matériel,479.88,Acme
2024-12-18,Widget C,Matériel,505.81,Initech
2024-12-18,Widget A,Matériel,501.13,Hooli
2024-12-18,Widget A,Matériel,99.14,Globex
2024-12-18,Service X,Service,302.52,Hooli
2024-12-18,Service X,Service,136.17,Stark
2024-12-18,Widget C,Matériel,933.6,Umbrella
2024-12-18,Service X,Service,972.58,Stark
2024-12-19,Widget B,Matériel,529.32,Wayne
2024-12-19,Service Y,Service,475.84,Globex
2024-12-19,Widget B,Matériel,862.7,Wonka
2024-12-19,Widget B,Matériel,554.19,Hooli
2024-12-19,Service Y,Service,227.16,Wayne
2024-12-19,Widget B,Matériel,79.52,Umbrella
2024-12-19,Widget B,Matériel,240.17,Wayne
2024-12-19,Service X,Service,222.26,Stark
2024-12-20,Widget B,Matériel,387.46,Initech
2024-12-20,Widget C,Matériel,730.91,Initech
2024-12-20,Widget C,Matériel,393.23,Umbrella
2024-12-20,Widget A,Matériel,593.35,Wonka
2024-12-20,Widget B,Matériel,905.09,Globex
2024-12-20,Widget C,Matériel,87.03,Initech
2024-12-21,Widget C,Matériel,167.74,Hooli
2024-12-21,Widget B,Matériel,759.76,Initech
2024-12-21,Widget A,Matériel,816.6,Hooli
2024-12-21,Service Y,Service,626.21,Globex
2024-12-21,Service X,Service,727.91,Wayne
2024-12-22,Widget C,Matériel,204.71,Initech
2024-12-22,Widget A,Matériel,556.59,Stark
2024-12-22,Service X,Service,632.45,Globex
2024-12-22,Widget B,Matériel,931.28,Acme
2024-12-22,Service X,Service,87.58,Initech
2024-12-22,Service Y,Service,278.24,Acme
2024-12-22,Widget B,Matériel,81.17,Initech
2024-12-22,Widget B,Matériel,233.29,Initech
2024-12-23,Widget B,Matériel,415.91,Hooli
2024-12-23,Widget B,Matériel,361.53,Initech
2024-12-23,Widget A,Matériel,73.94,Globex
2024-12-23,Widget B,Matériel,768.82,Stark
2024-12-23,Service Y,Service,932.1,Acme
2024-12-23,Widget C,Matériel,555.23,Hooli
2024-12-23,Widget B,Matériel,785.24,Acme
2024-12-23,Service X,Service,852.06,Umbrella
2024-12-24,Widget A,Matériel,778.53,Umbrella
2024-12-24,Service X,Service,343.04,Wonka
2024-12-24,Widget A,Matériel,139.62,Hooli
2024-12-24,Service Y,Service,781.59,Hooli
2024-12-24,Widget A,Matériel,673.42,Acme
2024-12-24,Widget A,Matériel,781.68,Acme
2024-12-24,Service X,Service,622.29,Wonka
2024-12-24,Widget C,Matériel,142.99,Wonka
2024-12-25,Widget B,Matériel,443.47,Wonka
2024-12-25,Widget A,Matériel,475.81,Umbrella
2024-12-25,Widget B,Matériel,423.1,Wonka
2024-12-25,Widget C,Matériel,885.44,Globex
2024-12-25,Widget B,Matériel,899.06,Hooli
2024-12-25,Widget C,Matériel,361.42,Wayne
2024-12-26,Widget A,Matériel,294.5,Umbrella
2024-12-26,Widget B,Matériel,194.21,Stark
2024-12-26,Service X,Service,587.5,Initech
2024-12-26,Widget C,Matériel,832.72,Umbrella
2024-12-27,Widget B,Matériel,971.28,Acme
2024-12-27,Service X,Service,969.21,Stark
2024-12-27,Service Y,Service,185.0,Hooli
2024-12-27,Widget C,Matériel,211.48,Globex
2024-12-27,Service Y,Service,604.95,Initech
2024-12-27,Widget B,Matériel,933.12,Hooli
2024-12-27,Widget A,Matériel,585.67,Umbrella
2024-12-27,Service X,Service,105.91,Initech
2024-12-28,Widget A,Matériel,114.15,Wonka
2024-12-28,Widget C,Matériel,295.63,Stark
2024-12-28,Widget A,Matériel,162.74,Wayne
2024-12-28,Widget B,Matériel,899.99,Hooli
2024-12-28,Widget B,Matériel,357.1,Globex
2024-12-29,Widget C,Matériel,732.16,Umbrella
2024-12-30,Widget C,Matériel,148.94,Globex
2024-12-30,Service X,Service,482.58,Hooli
2024-12-30,Widget B,Matériel,508.26,Wonka
2024-12-31,Service Y,Service,133.37,Hooli
2024-12-31,Widget A,Matériel,933.15,Wayne
2024-12-31,Service Y,Service,348.98,Initech
2024-12-31,Widget B,Matériel,479.83,Wayne
2024-12-31,Widget C,Matériel,230.54,Stark
2024-12-31,Service Y,Service,290.64,Umbrella
2025-01-01,Service X,Service,86.81,Acme
2025-01-01,Widget A,Matériel,372.07,Wayne
2025-01-01,Widget C,Matériel,139.32,Wayne
2025-01-01,Service X,Service,761.09,Hooli
2025-01-01,Widget C,Matériel,179.65,Hooli
2025-01-01,Service Y,Service,399.93,Initech
2025-01-02,Widget C,Matériel,332.03,Wonka
2025-01-02,Widget A,Matériel,400.43,Stark
2025-01-02,Widget B,Matériel,416.63,Globex
2025-01-02,Widget A,Matériel,298.8,Initech
2025-01-02,Service X,Service,418.75,Globex
2025-01-02,Widget B,Matériel,557.21,Hooli
2025-01-02,Service X,Service,409.92,Initech
2025-01-03,Widget B,Matériel,545.88,Hooli
2025-01-03,Widget A,Matériel,803.99,Hooli
2025-01-03,Widget B,Matériel,457.64,Acme
2025-01-03,Service Y,Service,987.38,Wayne
2025-01-03,Service Y,Service,138.15,Umbrella
2025-01-04,Widget C,Matériel,170.24,Wayne
2025-01-04,Service X,Service,532.29,Acme
2025-01-04,Service X,Service,875.89,Stark
2025-01-05,Service Y,Service,766.84,Stark
2025-01-05,Widget C,Matériel,875.6,Wonka
2025-01-05,Widget A,Matériel,578.38,Acme
2025-01-05,Service X,Service,867.33,Globex
2025-01-05,Service X,Service,449.21,Wayne
2025-01-07,Service Y,Service,718.59,Initech
2025-01-08,Widget B,Matériel,138.9,Umbrella
2025-01-08,Service Y,Service,776.0,Acme
2025-01-09,Widget B,Matériel,973.47,Initech
2025-01-10,Service X,Service,630.0,Globex
2025-01-11,Service X,Service,87.55,Initech
2025-01-11,Widget A,Matériel,91.02,Wayne
2025-01-12,Widget A,Matériel,743.02,Hooli
2025-01-12,Service Y,Service,768.68,Globex
2025-01-12,Widget C,Matériel,511.74,Wonka
2025-01-12,Widget C,Matériel,358.41,Wonka
2025-01-12,Widget C,Matériel,459.59,Initech
2025-01-12,Widget C,Matériel,903.21,Stark
2025-01-12,Service Y,Service,124.81,Umbrella
2025-01-12,Widget B,Matériel,221.67,Wonka
2025-01-13,Widget A,Matériel,215.81,Initech
2025-01-13,Widget A,Matériel,521.47,Wonka
2025-01-13,Service X,Service,80.96,Hooli
2025-01-14,Widget A,Matériel,433.11,Wayne
2025-01-14,Widget A,Matériel,299.59,Umbrella
2025-01-14,Service Y,Service,248.51,Acme
2025-01-14,Widget A,Matériel,594.96,Umbrella
2025-01-14,Widget C,Matériel,601.42,Globex
2025-01-14,Widget B,Matériel,835.42,Initech
2025-01-14,Widget A,Matériel,456.97,Acme
2025-01-14,Service X,Service,874.82,Wonka
2025-01-15,Widget C,Matériel,115.68,Stark
2025-01-15,Widget B,Matériel,115.68,Globex
2025-01-15,Widget C,Matériel,323.66,Wayne
2025-01-17,Widget A,Matériel,869.42,Acme
2025-01-17,Service X,Service,134.48,Wonka
2025-01-17,Widget B,Matériel,103.47,Acme
2025-01-17,Widget C,Matériel,272.97,Wonka
2025-01-17,Widget C,Matériel,454.93,Stark
2025-01-17,Widget B,Matériel,514.45,Wonka
2025-01-19,Service Y,Service,192.62,Hooli
2025-01-19,Widget C,Matériel,99.16,Wonka
2025-01-19,Widget B,Matériel,892.02,Umbrella
2025-01-19,Widget A,Matériel,700.95,Wayne
2025-01-20,Widget B,Matériel,447.65,Acme
2025-01-20,Widget B,Matériel,545.37,Initech
2025-01-20,Widget C,Matériel,360.55,Wayne
2025-01-20,Widget B,Matériel,288.31,Wonka
2025-01-20,Widget B,Matériel,192.44,Wonka
2025-01-20,Service Y,Service,622.01,Stark
2025-01-21,Widget C,Matériel,855.28,Wayne
2025-01-23,Widget C,Matériel,58.19,Globex
2025-01-23,Widget A,Matériel,774.14,Acme
2025-01-24,Service Y,Service,92.64,Initech
2025-01-25,Widget A,Matériel,612.53,Acme
2025-01-25,Widget B,Matériel,391.24,Wonka
2025-01-25,Widget C,Matériel,615.43,Acme
2025-01-25,Widget A,Matériel,294.74,Hooli
2025-01-25,Widget B,Matériel,167.73,Globex
2025-01-25,Widget B,Matériel,616.62,Stark
2025-01-26,Service X,Service,765.42,Umbrella
2025-01-27,Widget B,Matériel,284.9,Wonka
2025-01-27,Widget C,Matériel,332.54,Stark
2025-01-27,Service Y,Service,935.35,Initech
2025-01-27,Widget C,Matériel,975.86,Wayne
2025-01-27,Widget C,Matériel,560.57,Umbrella
2025-01-27,Service Y,Service,151.92,Umbrella
2025-01-27,Widget B,Matériel,551.25,Globex
2025-01-27,Widget A,Matériel,934.89,Acme
2025-01-28,Widget A,Matériel,238.08,Wonka
2025-01-28,Service X,Service,142.09,Globex
2025-01-28,Service Y,Service,739.42,Acme
2025-01-28,Widget A,Matériel,707.25,Wonka
2025-01-28,Service X,Service,769.48,Acme
2025-01-28,Service Y,Service,732.43,Hooli
2025-01-29,Widget C,Matériel,712.41,Initech
2025-01-29,Widget A,Matériel,608.15,Hooli
2025-01-29,Widget A,Matériel,465.27,Wayne
2025-01-29,Service X,Service,997.78,Wonka
2025-01-29,Widget C,Matériel,242.29,Globex
2025-01-30,Widget C,Matériel,507.31,Wonka
2025-01-30,Widget C,Matériel,96.62,Umbrella
2025-01-30,Widget C,Matériel,603.83,Wonka
2025-01-30,Widget C,Matériel,674.47,Stark
2025-01-30,Service X,Service,659.47,Initech
2025-01-30,Service X,Service,643.52,Hooli
2025-01-31,Widget A,Matériel,146.13,Stark
2025-01-31,Widget A,Matériel,551.03,Initech
2025-01-31,Service Y,Service,695.1,Wonka
2025-01-31,Widget B,Matériel,612.66,Acme
2025-02-01,Widget B,Matériel,747.32,Hooli
2025-02-02,Widget B,Matériel,611.79,Stark
2025-02-02,Widget B,Matériel,473.94,Initech
2025-02-02,Service Y,Service,737.15,Wonka
2025-02-02,Widget B,Matériel,399.82,Stark
2025-02-02,Widget B,Matériel,185.86,Acme
2025-02-02,Widget B,Matériel,404.71,Globex
2025-02-02,Service Y,Service,529.9,Hooli
2025-02-03,Widget B,Matériel,150.46,Globex
2025-02-03,Widget B,Matériel,824.94,Wonka
2025-02-03,Widget B,Matériel,783.88,Wonka
2025-02-03,Service Y,Service,155.28,Hooli
2025-02-03,Service X,Service,961.14,Globex
2025-02-03,Widget C,Matériel,98.4,Hooli
2025-02-03,Service Y,Service,889.48,Wayne
2025-02-03,Widget C,Matériel,574.64,Wayne
2025-02-04,Service X,Service,523.67,Wonka
2025-02-05,Widget A,Matériel,698.86,Wonka
2025-02-06,Widget C,Matériel,313.34,Wonka
2025-02-06,Service Y,Service,943.33,Acme
2025-02-06,Service X,Service,555.79,Hooli
2025-02-06,Service X,Service,489.47,Wayne
2025-02-06,Service X,Service,163.48,Umbrella
2025-02-06,Widget B,Matériel,271.1,Acme
2025-02-06,Widget B,Matériel,188.54,Wonka
2025-02-06,Widget A,Matériel,571.18,Globex
2025-02-07,Widget B,Matériel,205.05,Umbrella
2025-02-07,Widget C,Matériel,399.69,Wonka
2025-02-07,Service X,Service,916.6,Umbrella
2025-02-07,Widget A,Matériel,917.76,Acme
2025-02-07,Service Y,Service,837.63,Initech
2025-02-07,Service X,Service,639.14,Stark
2025-02-07,Service X,Service,705.97,Stark
2025-02-07,Widget A,Matériel,960.19,Hooli
2025-02-08,Widget A,Matériel,408.42,Wonka
2025-02-08,Widget B,Matériel,534.25,Acme
2025-02-08,Widget B,Matériel,465.14,Stark
2025-02-08,Widget C,Matériel,287.33,Initech
2025-02-08,Widget A,Matériel,406.51,Stark
2025-02-10,Widget C,Matériel,353.68,Globex
2025-02-10,Service Y,Service,566.14,Initech
2025-02-10,Widget B,Matériel,661.55,Umbrella
2025-02-10,Service X,Service,320.96,Hooli
2025-02-10,Widget C,Matériel,73.79,Wayne
2025-02-10,Widget B,Matériel,490.53,Initech
2025-02-10,Service Y,Service,636.79,Acme
2025-02-10,Service X,Service,759.4,Wayne
2025-02-11,Widget C,Matériel,623.75,Initech
2025-02-11,Widget B,Matériel,89.19,Wayne
2025-02-13,Service X,Service,995.78,Umbrella
2025-02-13,Widget A,Matériel,579.7,Wayne
2025-02-13,Service X,Service,835.44,Initech
2025-02-13,Widget C,Matériel,638.92,Initech
2025-02-14,Service Y,Service,166.18,Wonka
2025-02-14,Widget A,Matériel,74.72,Hooli
2025-02-14,Widget B,Matériel,122.9,Wonka
2025-02-14,Service X,Service,53.7,Globex
2025-02-14,Service X,Service,367.64,Umbrella
2025-02-14,Widget B,Matériel,478.54,Globex
2025-02-16,Service Y,Service,898.47,Wonka
2025-02-16,Service X,Service,168.19,Wayne
2025-02-16,Service Y,Service,917.65,Initech
2025-02-17,Widget A,Matériel,436.51,Hooli
2025-02-17,Service Y,Service,953.13,Umbrella
2025-02-17,Widget C,Matériel,684.03,Stark
2025-02-17,Widget C,Matériel,765.79,Umbrella
2025-02-20,Widget C,Matériel,270.92,Stark
2025-02-21,Service X,Service,383.66,Initech
2025-02-21,Service Y,Service,828.3,Stark
2025-02-21,Widget C,Matériel,784.25,Acme
2025-02-21,Widget B,Matériel,519.55,Initech
2025-02-21,Widget A,Matériel,867.84,Stark
2025-02-21,Service Y,Service,907.04,Initech
2025-02-21,Service Y,Service,961.62,Initech
2025-02-22,Widget C,Matériel,592.65,Hooli
2025-02-22,Widget A,Matériel,582.36,Umbrella
2025-02-23,Widget B,Matériel,324.13,Wayne
2025-02-23,Widget B,Matériel,128.31,Stark
2025-02-23,Widget C,Matériel,893.37,Stark
2025-02-24,Service X,Service,457.16,Stark
2025-02-24,Widget B,Matériel,248.81,Umbrella
2025-02-24,Widget B,Matériel,238.46,Wonka
2025-02-24,Service X,Service,771.99,Wayne
2025-02-24,Service Y,Service,869.78,Stark
2025-02-25,Widget B,Matériel,887.54,Initech
2025-02-25,Service X,Service,808.81,Acme
2025-02-26,Widget A,Matériel,993.44,Wonka
2025-02-26,Widget A,Matériel,823.22,Umbrella
2025-02-26,Widget B,Matériel,480.23,Wayne
2025-02-26,Service Y,Service,424.7,Hooli
2025-02-26,Widget C,Matériel,150.65,Stark
2025-02-27,Widget B,Matériel,848.66,Wayne
2025-02-27,Widget B,Matériel,424.38,Stark
2025-02-27,Widget B,Matériel,517.03,Stark
2025-02-27,Service Y,Service,900.41,Stark
2025-02-27,Widget A,Matériel,596.08,Umbrella
2025-02-27,Widget C,Matériel,633.57,Stark
2025-02-28,Widget B,Matériel,498.29,Umbrella
2025-02-28,Widget B,Matériel,525.93,Stark
2025-02-28,Widget A,Matériel,826.94,Umbrella
2025-02-28,Service X,Service,374.31,Wayne
2025-03-01,Service Y,Service,860.97,Initech
2025-03-01,Widget A,Matériel,603.55,Wayne
2025-03-01,Widget B,Matériel,752.21,Initech
2025-03-01,Widget B,Matériel,687.83,Globex
2025-03-01,Widget B,Matériel,535.59,Globex
2025-03-02,Widget B,Matériel,881.95,Umbrella
2025-03-02,Widget B,Matériel,881.11,Hooli
2025-03-02,Widget A,Matériel,828.68,Globex
2025-03-02,Widget C,Matériel,423.64,Acme
2025-03-02,Service Y,Service,704.31,Wonka
2025-03-02,Service X,Service,418.47,Stark
2025-03-02,Service X,Service,724.08,Wonka
2025-03-02,Widget A,Matériel,897.86,Umbrella
2025-03-03,Widget B,Matériel,211.87,Stark
2025-03-03,Service X,Service,973.39,Acme
2025-03-04,Widget B,Matériel,182.52,Globex
2025-03-04,Widget A,Matériel,265.08,Wonka
2025-03-05,Widget C,Matériel,991.33,Umbrella
2025-03-05,Widget A,Matériel,578.66,Stark
2025-03-06,Service Y,Service,387.52,Wonka
2025-03-06,Service X,Service,209.54,Umbrella
2025-03-06,Widget B,Matériel,795.47,Wayne
2025-03-06,Widget B,Matériel,423.78,Globex
2025-03-07,Service Y,Service,52.57,Wayne
2025-03-07,Widget B,Matériel,577.29,Acme
2025-03-07,Widget B,Matériel,308.44,Stark
2025-03-07,Widget C,Matériel,222.45,Acme
2025-03-08,Widget B,Matériel,596.53,Wayne
2025-03-08,Service Y,Service,852.19,Acme
2025-03-08,Widget C,Matériel,776.57,Globex
2025-03-08,Service Y,Service,793.62,Initech
2025-03-09,Widget B,Matériel,227.33,Wonka
2025-03-10,Service Y,Service,264.03,Acme
2025-03-10,Widget A,Matériel,845.51,Wayne
2025-03-10,Widget A,Matériel,887.97,Acme
2025-03-10,Widget C,Matériel,876.2,Wonka
2025-03-11,Service X,Service,690.45,Stark
2025-03-11,Widget C,Matériel,670.15,Wonka
2025-03-11,Service Y,Service,145.5,Stark
2025-03-11,Widget B,Matériel,118.83,Stark
2025-03-12,Widget C,Matériel,691.58,Umbrella
2025-03-12,Widget A,Matériel,991.45,Wonka
2025-03-12,Widget B,Matériel,809.54,Globex
2025-03-12,Widget B,Matériel,96.43,Hooli
2025-03-12,Widget B,Matériel,386.99,Wonka
2025-03-12,Service X,Service,538.35,Wayne
2025-03-12,Widget A,Matériel,178.46,Initech
2025-03-12,Widget C,Matériel,148.16,Acme
2025-03-14,Widget B,Matériel,255.8,Initech
2025-03-14,Service X,Service,702.51,Wayne
2025-03-14,Service X,Service,938.21,Stark
2025-03-14,Widget C,Matériel,844.07,Umbrella
2025-03-14,Service X,Service,752.84,Acme
2025-03-15,Service Y,Service,854.27,Acme
2025-03-15,Widget C,Matériel,645.43,Wonka
2025-03-16,Widget C,Matériel,781.88,Wayne
2025-03-16,Widget B,Matériel,517.84,Hooli
2025-03-16,Service X,Service,616.07,Acme
2025-03-17,Widget A,Matériel,282.53,Wayne
2025-03-17,Widget B,Matériel,744.48,Wonka
2025-03-17,Widget A,Matériel,207.47,Acme
2025-03-17,Widget A,Matériel,879.58,Globex
2025-03-17,Service X,Service,87.95,Umbrella
2025-03-19,Widget C,Matériel,318.41,Wonka
2025-03-19,Widget C,Matériel,462.87,Acme
2025-03-19,Service Y,Service,323.42,Wayne
2025-03-19,Service X,Service,101.35,Hooli
2025-03-20,Service Y,Service,752.12,Hooli
2025-03-20,Widget A,Matériel,258.99,Umbrella
2025-03-20,Service Y,Service,749.54,Wonka
2025-03-20,Widget A,Matériel,478.65,Globex
2025-03-20,Widget C,Matériel,835.09,Umbrella
2025-03-20,Service X,Service,661.01,Wayne
2025-03-20,Service Y,Service,306.95,Wayne
2025-03-20,Widget C,Matériel,93.38,Initech
2025-03-21,Service X,Service,461.35,Stark
2025-03-22,Service X,Service,248.96,Globex
2025-03-22,Widget B,Matériel,270.93,Stark
2025-03-22,Widget C,Matériel,779.13,Acme
2025-03-23,Widget B,Matériel,411.22,Initech
2025-03-23,Widget C,Matériel,824.29,Umbrella
2025-03-23,Widget B,Matériel,770.13,Initech
2025-03-23,Service Y,Service,677.82,Hooli
2025-03-23,Widget C,Matériel,760.4,Acme
2025-03-23,Widget C,Matériel,443.71,Wayne
2025-03-24,Widget B,Matériel,149.04,Initech
2025-03-24,Widget C,Matériel,167.66,Umbrella
2025-03-24,Service Y,Service,579.09,Umbrella
2025-03-24,Widget B,Matériel,84.41,Hooli
2025-03-25,Service X,Service,484.85,Acme
2025-03-25,Widget A,Matériel,287.07,Hooli
2025-03-25,Widget A,Matériel,255.95,Acme
2025-03-25,Widget B,Matériel,431.24,Initech
2025-03-25,Widget C,Matériel,50.94,Acme
2025-03-25,Widget A,Matériel,138.89,Initech
2025-03-26,Widget B,Matériel,570.98,Initech
2025-03-26,Widget B,Matériel,73.02,Globex
2025-03-26,Widget C,Matériel,152.89,Hooli
2025-03-26,Service X,Service,189.22,Globex
2025-03-27,Service Y,Service,636.78,Wayne
2025-03-27,Service X,Service,987.36,Wayne
2025-03-27,Widget A,Matériel,975.78,Umbrella
2025-03-27,Widget B,Matériel,641.92,Stark
2025-03-27,Widget C,Matériel,414.75,Umbrella
2025-03-27,Service Y,Service,191.77,Umbrella
2025-03-27,Service Y,Service,410.17,Wayne
2025-03-28,Widget B,Matériel,104.72,Hooli
2025-03-28,Widget C,Matériel,589.42,Hooli
2025-03-28,Service X,Service,191.72,Wayne
2025-03-28,Widget C,Matériel,689.84,Stark
2025-03-28,Widget A,Matériel,197.24,Umbrella
2025-03-29,Widget B,Matériel,861.67,Hooli
2025-03-29,Widget A,Matériel,723.42,Wonka
2025-03-29,Service Y,Service,57.11,Wonka
2025-03-29,Widget A,Matériel,690.44,Stark
2025-03-29,Widget A,Matériel,610.3,Initech
2025-03-29,Service X,Service,608.74,Umbrella
2025-03-29,Widget B,Matériel,712.42,Stark
2025-03-30,Widget C,Matériel,584.98,Globex
2025-03-30,Service X,Service,683.49,Hooli
2025-03-30,Service X,Service,355.5,Umbrella
2025-03-30,Service X,Service,282.4,Acme
2025-03-30,Service X,Service,987.29,Acme
2025-03-31,Widget B,Matériel,824.13,Hooli
2025-03-31,Widget A,Matériel,319.42,Wayne
2025-03-31,Widget C,Matériel,358.19,Stark
2025-03-31,Service X,Service,959.81,Wayne
2025-03-31,Service Y,Service,195.9,Acme
2025-03-31,Service X,Service,190.55,Umbrella
2025-03-31,Service Y,Service,541.98,Globex
2025-04-01,Service X,Service,61.22,Globex
2025-04-01,Widget B,Matériel,918.32,Globex
2025-04-01,Widget A,Matériel,971.3,Wonka
2025-04-02,Widget A,Matériel,612.57,Acme
2025-04-02,Widget B,Matériel,565.79,Initech
2025-04-02,Widget B,Matériel,319.29,Globex
2025-04-02,Widget C,Matériel,224.15,Initech
2025-04-02,Widget C,Matériel,668.27,Initech
2025-04-02,Widget A,Matériel,934.06,Hooli
2025-04-02,Widget C,Matériel,828.55,Globex
2025-04-02,Service X,Service,724.5,Globex
2025-04-03,Service X,Service,632.93,Hooli
2025-04-03,Service Y,Service,144.53,Initech
2025-04-03,Service X,Service,113.04,Stark
2025-04-03,Service X,Service,107.67,Globex
2025-04-03,Service Y,Service,202.32,Stark
2025-04-03,Widget B,Matériel,801.32,Stark
2025-04-04,Service Y,Service,344.07,Hooli
2025-04-04,Widget C,Matériel,584.86,Acme
2025-04-04,Widget C,Matériel,672.36,Globex
2025-04-04,Widget B,Matériel,980.28,Wonka
2025-04-04,Widget A,Matériel,837.76,Wayne
2025-04-04,Widget C,Matériel,282.61,Initech
2025-04-04,Service X,Service,130.26,Umbrella
2025-04-04,Service X,Service,610.49,Stark
2025-04-06,Widget A,Matériel,763.29,Initech
2025-04-06,Widget B,Matériel,894.84,Umbrella
2025-04-07,Widget C,Matériel,314.68,Wayne
2025-04-07,Service Y,Service,950.74,Wayne
2025-04-07,Widget B,Matériel,359.85,Acme
2025-04-07,Widget C,Matériel,423.59,Globex
2025-04-07,Widget B,Matériel,500.53,Wayne
2025-04-07,Widget A,Matériel,348.45,Stark
2025-04-08,Widget A,Matériel,303.59,Wonka
2025-04-08,Service Y,Service,622.3,Wayne
2025-04-08,Widget B,Matériel,800.41,Umbrella
2025-04-10,Widget B,Matériel,268.6,Globex
2025-04-10,Service Y,Service,720.79,Wayne
2025-04-10,Service X,Service,54.74,Initech
2025-04-11,Widget C,Matériel,410.73,Wayne
2025-04-12,Service Y,Service,776.49,Umbrella
2025-04-12,Widget C,Matériel,762.04,Globex
2025-04-13,Widget A,Matériel,660.4,Umbrella
2025-04-13,Service X,Service,286.24,Hooli
2025-04-13,Widget B,Matériel,142.67,Hooli
2025-04-13,Service Y,Service,793.7,Wayne
2025-04-13,Service X,Service,520.76,Stark
2025-04-13,Widget C,Matériel,194.08,Stark
2025-04-13,Service Y,Service,306.4,Globex
2025-04-13,Widget B,Matériel,469.81,Stark
2025-04-14,Widget B,Matériel,888.67,Initech
2025-04-15,Widget A,Matériel,439.22,Umbrella
2025-04-15,Service X,Service,745.05,Globex
2025-04-15,Widget A,Matériel,65.44,Umbrella
2025-04-16,Service Y,Service,824.98,Stark
2025-04-16,Service X,Service,875.64,Acme
2025-04-16,Service Y,Service,370.62,Acme
2025-04-16,Service X,Service,628.37,Wonka
2025-04-17,Widget B,Matériel,158.21,Globex
2025-04-17,Widget B,Matériel,791.87,Wayne
2025-04-18,Service X,Service,350.46,Hooli
2025-04-18,Widget B,Matériel,480.93,Wayne
2025-04-18,Widget C,Matériel,923.13,Umbrella
2025-04-18,Service Y,Service,920.26,Globex
2025-04-18,Service Y,Service,966.35,Globex
2025-04-18,Widget C,Matériel,95.1,Initech
2025-04-18,Widget A,Matériel,420.76,Stark
2025-04-19,Widget A,Matériel,955.54,Globex
2025-04-19,Widget B,Matériel,961.41,Globex
2025-04-20,Service X,Service,658.9,Acme
2025-04-20,Service X,Service,364.9,Wayne
2025-04-20,Service X,Service,227.36,Acme
2025-04-20,Service Y,Service,336.7,Wayne
2025-04-20,Widget B,Matériel,725.6,Stark
2025-04-20,Service X,Service,478.73,Umbrella
2025-04-21,Widget A,Matériel,689.66,Globex
2025-04-21,Service Y,Service,309.19,Initech
2025-04-21,Service X,Service,365.76,Globex
2025-04-21,Service Y,Service,481.47,Initech
2025-04-21,Widget A,Matériel,233.36,Globex
2025-04-22,Widget C,Matériel,172.43,Stark
2025-04-22,Service X,Service,946.75,Acme
2025-04-23,Widget B,Matériel,143.4,Hooli
2025-04-23,Service X,Service,735.3,Acme
2025-04-23,Widget C,Matériel,850.91,Wonka
2025-04-24,Widget A,Matériel,788.06,Acme
2025-04-24,Widget B,Matériel,338.17,Stark
2025-04-24,Widget A,Matériel,996.21,Acme
2025-04-24,Widget A,Matériel,835.66,Umbrella
2025-04-24,Service X,Service,748.33,Acme
2025-04-25,Widget A,Matériel,224.6,Wonka
2025-04-25,Widget B,Matériel,618.6,Acme
2025-04-25,Widget B,Matériel,167.6,Initech
2025-04-25,Widget B,Matériel,365.16,Globex
2025-04-25,Widget A,Matériel,104.07,Acme
2025-04-25,Service X,Service,346.5,Hooli
2025-04-26,Service Y,Service,966.15,Hooli
2025-04-26,Widget A,Matériel,729.18,Acme
2025-04-26,Service X,Service,706.11,Globex
2025-04-26,Widget A,Matériel,229.13,Stark
2025-04-26,Widget A,Matériel,623.93,Initech
2025-04-26,Service Y,Service,688.39,Globex
2025-04-27,Widget C,Matériel,694.11,Hooli
2025-04-27,Widget B,Matériel,873.66,Acme
2025-04-27,Service X,Service,54.15,Initech
2025-04-27,Widget A,Matériel,940.16,Stark
2025-04-27,Service X,Service,516.94,Initech
2025-04-27,Service Y,Service,104.81,Globex
2025-04-28,Widget A,Matériel,740.66,Globex
2025-04-28,Service Y,Service,186.13,Stark
2025-04-28,Widget B,Matériel,235.28,Stark
2025-04-28,Widget A,Matériel,575.76,Umbrella
2025-04-28,Service X,Service,665.48,Wonka
2025-04-28,Widget B,Matériel,577.26,Stark
2025-04-28,Widget A,Matériel,196.59,Stark
2025-04-28,Service Y,Service,773.43,Initech
2025-04-29,Service Y,Service,666.92,Hooli
2025-04-29,Widget C,Matériel,445.87,Hooli
2025-04-29,Widget A,Matériel,109.44,Acme
2025-04-29,Widget B,Matériel,140.59,Acme
2025-04-29,Service X,Service,716.21,Initech
2025-04-29,Service Y,Service,610.7,Wonka
2025-04-29,Service X,Service,760.51,Globex
2025-04-29,Widget B,Matériel,62.34,Initech
2025-04-30,Widget B,Matériel,364.07,Wonka
2025-04-30,Widget B,Matériel,821.28,Acme
2025-04-30,Service X,Service,710.77,Globex
2025-04-30,Widget A,Matériel,817.44,Hooli
2025-04-30,Service X,Service,235.1,Initech
2025-04-30,Service X,Service,509.34,Globex
2025-04-30,Widget C,Matériel,156.52,Globex
2025-05-01,Widget B,Matériel,206.04,Acme
2025-05-01,Widget A,Matériel,956.4,Globex
2025-05-01,Widget B,Matériel,387.44,Initech
2025-05-01,Service X,Service,903.34,Initech
2025-05-02,Widget C,Matériel,923.2,Wonka
2025-05-02,Widget B,Matériel,159.09,Hooli
2025-05-02,Widget C,Matériel,378.26,Initech
2025-05-02,Service Y,Service,885.45,Initech
2025-05-02,Widget C,Matériel,972.79,Stark
2025-05-02,Widget C,Matériel,307.37,Hooli
2025-05-02,Widget C,Matériel,85.44,Initech
2025-05-02,Service Y,Service,146.36,Wonka
2025-05-03,Widget B,Matériel,90.83,Stark
2025-05-03,Widget A,Matériel,711.31,Acme
2025-05-04,Widget A,Matériel,503.23,Wonka
2025-05-04,Widget B,Matériel,266.68,Umbrella
2025-05-05,Service Y,Service,953.97,Wonka
2025-05-06,Widget A,Matériel,961.7,Initech
2025-05-06,Widget C,Matériel,659.58,Wayne
2025-05-07,Widget C,Matériel,828.82,Wayne
2025-05-07,Widget A,Matériel,556.69,Umbrella
2025-05-07,Widget A,Matériel,149.99,Initech
2025-05-07,Service X,Service,81.93,Wayne
2025-05-07,Widget A,Matériel,139.52,Initech
2025-05-07,Widget A,Matériel,656.79,Globex
2025-05-09,Widget A,Matériel,135.66,Umbrella
2025-05-09,Widget A,Matériel,385.11,Umbrella
2025-05-09,Service X,Service,600.08,Wayne
2025-05-09,Widget C,Matériel,512.63,Umbrella
2025-05-09,Widget A,Matériel,768.48,Hooli
2025-05-10,Widget C,Matériel,505.26,Globex
2025-05-10,Widget A,Matériel,945.38,Umbrella
2025-05-10,Widget B,Matériel,293.14,Wonka
2025-05-10,Service Y,Service,732.76,Initech
2025-05-10,Widget A,Matériel,108.79,Globex
2025-05-10,Widget A,Matériel,619.64,Initech
2025-05-10,Widget A,Matériel,936.72,Wonka
2025-05-10,Service Y,Service,568.75,Wonka
2025-05-11,Widget C,Matériel,110.77,Initech
2025-05-11,Widget A,Matériel,146.7,Wayne
2025-05-11,Widget A,Matériel,345.66,Acme
2025-05-11,Widget B,Matériel,462.33,Acme
2025-05-11,Service X,Service,811.28,Wayne
2025-05-12,Service X,Service,854.53,Hooli
2025-05-12,Widget C,Matériel,856.33,Hooli
2025-05-12,Widget C,Matériel,261.88,Acme
2025-05-12,Service Y,Service,311.22,Wayne
2025-05-15,Widget C,Matériel,383.78,Initech
2025-05-15,Widget B,Matériel,888.97,Stark
2025-05-16,Widget B,Matériel,544.73,Globex
2025-05-16,Widget B,Matériel,830.68,Initech
2025-05-16,Widget A,Matériel,148.33,Wayne
2025-05-16,Widget C,Matériel,688.29,Wonka
2025-05-16,Service X,Service,610.14,Hooli
2025-05-16,Service X,Service,423.07,Hooli
2025-05-16,Widget A,Matériel,160.29,Hooli
2025-05-19,Widget B,Matériel,388.5,Umbrella
2025-05-19,Widget C,Matériel,506.58,Stark
2025-05-20,Service X,Service,683.61,Wonka
2025-05-20,Widget B,Matériel,378.9,Initech
2025-05-20,Widget C,Matériel,616.61,Globex
2025-05-20,Widget B,Matériel,363.8,Stark
2025-05-20,Service X,Service,665.04,Umbrella
2025-05-21,Widget B,Matériel,898.07,Umbrella
2025-05-22,Widget A,Matériel,862.41,Acme
2025-05-22,Widget A,Matériel,531.89,Wayne
2025-05-22,Widget C,Matériel,59.62,Wayne
2025-05-22,Service Y,Service,482.18,Initech
2025-05-23,Widget A,Matériel,872.96,Initech
2025-05-23,Widget C,Matériel,578.99,Hooli
2025-05-23,Widget C,Matériel,700.99,Globex
2025-05-23,Service Y,Service,947.3,Stark
2025-05-23,Widget C,Matériel,305.09,Umbrella
2025-05-23,Service Y,Service,713.7,Globex
2025-05-23,Widget B,Matériel,76.93,Hooli
2025-05-23,Widget B,Matériel,930.58,Wayne
2025-05-24,Widget A,Matériel,154.66,Acme
2025-05-24,Service X,Service,665.57,Wonka
2025-05-24,Widget A,Matériel,842.7,Umbrella
2025-05-24,Widget C,Matériel,911.84,Acme
2025-05-24,Service Y,Service,821.88,Umbrella
2025-05-24,Widget C,Matériel,289.13,Hooli
2025-05-24,Widget C,Matériel,145.77,Wonka
2025-05-25,Service Y,Service,535.61,Globex
2025-05-25,Widget C,Matériel,334.54,Acme
2025-05-25,Service X,Service,639.03,Globex
2025-05-25,Widget A,Matériel,104.44,Wonka
2025-05-25,Widget A,Matériel,867.73,Wonka
2025-05-26,Widget B,Matériel,676.05,Acme
2025-05-26,Widget C,Matériel,196.48,Initech
2025-05-26,Widget C,Matériel,132.04,Wonka
2025-05-26,Service Y,Service,928.08,Umbrella
2025-05-27,Service X,Service,579.72,Stark
2025-05-27,Service Y,Service,285.51,Hooli
2025-05-27,Service X,Service,583.84,Acme
2025-05-27,Service Y,Service,356.22,Initech
2025-05-27,Widget C,Matériel,616.43,Acme
2025-05-27,Widget B,Matériel,228.47,Initech
2025-05-27,Widget A,Matériel,396.14,Acme
2025-05-29,Widget A,Matériel,695.12,Initech
2025-05-29,Service X,Service,361.7,Wonka
2025-05-29,Service Y,Service,707.29,Wonka
2025-05-29,Service Y,Service,50.94,Stark
2025-05-29,Widget A,Matériel,991.32,Acme
2025-05-29,Service X,Service,940.69,Wonka
2025-05-29,Widget A,Matériel,69.42,Hooli
2025-05-31,Widget B,Matériel,800.08,Umbrella
2025-05-31,Widget B,Matériel,323.79,Acme
2025-05-31,Service X,Service,803.37,Wonka
2025-05-31,Widget A,Matériel,336.19,Stark
2025-05-31,Widget C,Matériel,968.43,Initech
2025-05-31,Service Y,Service,474.77,Umbrella
2025-05-31,Service X,Service,439.03,Stark
2025-06-01,Widget C,Matériel,460.72,Wonka
2025-06-01,Service Y,Service,913.6,Globex
2025-06-01,Service Y,Service,586.08,Initech
2025-06-02,Widget B,Matériel,846.41,Wayne
2025-06-02,Service Y,Service,714.98,Stark
2025-06-02,Widget A,Matériel,692.57,Wayne
2025-06-03,Service X,Service,248.21,Stark
2025-06-03,Widget C,Matériel,608.86,Hooli
2025-06-05,Service Y,Service,629.52,Initech
2025-06-05,Widget A,Matériel,825.54,Globex
2025-06-05,Service X,Service,770.38,Initech
2025-06-05,Widget B,Matériel,861.49,Hooli
2025-06-05,Widget C,Matériel,591.98,Umbrella
2025-06-05,Widget A,Matériel,662.63,Hooli
2025-06-05,Service X,Service,588.75,Wayne
2025-06-05,Widget C,Matériel,819.44,Stark
2025-06-06,Widget C,Matériel,961.12,Initech
2025-06-06,Service X,Service,988.54,Wayne
2025-06-06,Widget B,Matériel,922.96,Hooli
2025-06-06,Service Y,Service,628.96,Wonka
2025-06-06,Service Y,Service,566.18,Globex
2025-06-06,Service Y,Service,544.81,Wonka
2025-06-07,Service Y,Service,154.17,Stark
2025-06-07,Widget B,Matériel,530.67,Hooli
2025-06-07,Widget C,Matériel,153.16,Hooli
2025-06-07,Widget A,Matériel,845.74,Hooli
2025-06-07,Widget C,Matériel,96.29,Hooli
2025-06-10,Widget A,Matériel,719.87,Globex
2025-06-10,Widget B,Matériel,266.88,Wonka
2025-06-10,Service X,Service,196.72,Stark
2025-06-10,Widget B,Matériel,894.36,Initech
2025-06-11,Widget C,Matériel,891.59,Umbrella
2025-06-11,Widget B,Matériel,363.52,Wayne
2025-06-11,Widget C,Matériel,506.08,Hooli
2025-06-11,Service Y,Service,158.72,Globex
2025-06-11,Service Y,Service,870.5,Wayne
2025-06-11,Widget C,Matériel,376.84,Globex
2025-06-12,Widget B,Matériel,809.15,Initech
2025-06-12,Service Y,Service,929.55,Umbrella
2025-06-12,Widget C,Matériel,538.6,Stark
2025-06-12,Widget C,Matériel,528.74,Wayne
2025-06-14,Service Y,Service,974.68,Globex
2025-06-14,Widget B,Matériel,867.7,Wonka
2025-06-14,Widget A,Matériel,845.34,Umbrella
2025-06-14,Widget B,Matériel,773.85,Initech
2025-06-14,Service Y,Service,341.7,Globex
2025-06-14,Service Y,Service,356.2,Umbrella
2025-06-14,Widget C,Matériel,829.1,Umbrella
2025-06-14,Widget C,Matériel,758.02,Initech
2025-06-15,Widget A,Matériel,777.45,Wayne
2025-06-16,Service X,Service,736.35,Umbrella
2025-06-16,Widget B,Matériel,810.68,Hooli
2025-06-16,Service Y,Service,510.0,Umbrella
2025-06-16,Service X,Service,327.96,Wonka
2025-06-16,Widget C,Matériel,361.67,Wonka
2025-06-16,Widget B,Matériel,132.46,Wonka
2025-06-16,Widget B,Matériel,997.79,Acme
2025-06-17,Service Y,Service,888.71,Initech
2025-06-17,Service Y,Service,466.4,Wayne
2025-06-17,Widget B,Matériel,173.52,Acme
2025-06-17,Widget C,Matériel,259.05,Umbrella
2025-06-17,Service Y,Service,53.8,Stark
2025-06-18,Widget B,Matériel,239.01,Globex
2025-06-19,Widget B,Matériel,673.25,Umbrella
2025-06-19,Widget B,Matériel,634.27,Acme
2025-06-20,Service Y,Service,709.81,Stark
2025-06-20,Widget C,Matériel,201.75,Initech
2025-06-20,Service Y,Service,966.07,Initech
2025-06-20,Widget C,Matériel,313.64,Stark
2025-06-20,Service X,Service,843.74,Umbrella
2025-06-20,Widget C,Matériel,582.62,Wayne
2025-06-20,Service X,Service,688.82,Hooli
2025-06-20,Service Y,Service,230.28,Wayne
2025-06-21,Widget A,Matériel,966.89,Stark
2025-06-22,Service X,Service,609.57,Umbrella
2025-06-22,Widget B,Matériel,831.02,Acme
2025-06-22,Widget A,Matériel,814.32,Globex
2025-06-22,Widget C,Matériel,312.74,Stark
2025-06-22,Service X,Service,825.04,Acme
2025-06-23,Widget A,Matériel,99.21,Wayne
2025-06-23,Service X,Service,382.54,Globex
2025-06-23,Widget B,Matériel,284.71,Umbrella
2025-06-23,Service Y,Service,332.46,Hooli
2025-06-23,Widget B,Matériel,343.79,Stark
2025-06-24,Service X,Service,128.79,Initech
2025-06-25,Widget A,Matériel,446.2,Wayne
2025-06-25,Service Y,Service,104.43,Globex
2025-06-25,Widget B,Matériel,912.93,Umbrella
2025-06-25,Service Y,Service,695.48,Umbrella
2025-06-26,Widget B,Matériel,250.66,Umbrella
2025-06-26,Widget B,Matériel,411.0,Globex
2025-06-28,Service Y,Service,630.28,Initech
2025-06-28,Service X,Service,378.56,Initech
2025-06-28,Service Y,Service,884.4,Wonka
2025-06-28,Widget B,Matériel,592.94,Initech
2025-06-28,Widget B,Matériel,100.67,Initech
2025-06-30,Widget A,Matériel,454.43,Globex
2025-06-30,Service X,Service,225.25,Umbrella
2025-06-30,Service X,Service,380.61,Acme
2025-06-30,Widget B,Matériel,634.38,Hooli
2025-06-30,Widget B,Matériel,86.97,Umbrella
2025-06-30,Widget B,Matériel,137.64,Stark
2025-07-01,Widget C,Matériel,764.35,Hooli
2025-07-01,Widget C,Matériel,334.44,Stark
2025-07-01,Widget A,Matériel,73.54,Acme
2025-07-01,Widget C,Matériel,889.18,Acme
2025-07-01,Widget B,Matériel,595.35,Hooli
2025-07-01,Service X,Service,107.79,Acme
2025-07-01,Widget A,Matériel,364.71,Globex
2025-07-02,Service Y,Service,747.49,Umbrella
2025-07-02,Service X,Service,770.45,Wonka
2025-07-02,Service Y,Service,766.64,Hooli
2025-07-02,Service Y,Service,840.75,Wonka
2025-07-02,Widget B,Matériel,811.71,Wayne
2025-07-02,Service Y,Service,501.45,Hooli
2025-07-03,Service X,Service,539.19,Wayne
2025-07-04,Widget A,Matériel,828.74,Umbrella
2025-07-04,Service X,Service,963.79,Wonka
2025-07-04,Service X,Service,724.14,Globex
2025-07-04,Widget A,Matériel,939.46,Wonka
2025-07-04,Widget B,Matériel,594.85,Hooli
2025-07-04,Service X,Service,208.93,Stark
2025-07-04,Service X,Service,292.27,Hooli
2025-07-05,Service X,Service,806.01,Wonka
2025-07-05,Widget C,Matériel,250.63,Umbrella
2025-07-05,Widget A,Matériel,863.67,Wonka
2025-07-05,Widget C,Matériel,135.63,Acme
2025-07-06,Widget B,Matériel,882.58,Initech
2025-07-06,Service X,Service,240.26,Initech
2025-07-06,Service Y,Service,535.95,Acme
2025-07-06,Service X,Service,763.75,Umbrella
2025-07-06,Service X,Service,376.63,Umbrella
2025-07-06,Widget C,Matériel,314.24,Initech
2025-07-08,Widget B,Matériel,988.77,Globex
2025-07-08,Widget C,Matériel,133.97,Initech
2025-07-08,Widget B,Matériel,105.49,Globex
2025-07-08,Widget C,Matériel,536.93,Wonka
2025-07-08,Widget B,Matériel,678.95,Initech
2025-07-08,Widget B,Matériel,942.88,Wayne
2025-07-08,Widget B,Matériel,696.65,Hooli
2025-07-08,Service X,Service,802.8,Wonka
2025-07-09,Widget C,Matériel,719.24,Stark
2025-07-09,Widget A,Matériel,770.12,Acme
2025-07-09,Service Y,Service,130.73,Umbrella
2025-07-10,Widget B,Matériel,264.88,Hooli
2025-07-10,Widget B,Matériel,931.47,Stark
2025-07-10,Widget A,Matériel,171.49,Hooli
2025-07-10,Service Y,Service,713.24,Initech
2025-07-10,Widget A,Matériel,358.53,Globex
2025-07-10,Widget A,Matériel,195.85,Acme
2025-07-10,Widget A,Matériel,670.44,Stark
2025-07-11,Service X,Service,789.44,Wayne
2025-07-11,Widget C,Matériel,309.82,Globex
2025-07-11,Widget A,Matériel,246.3,Acme
2025-07-11,Widget B,Matériel,219.3,Initech
2025-07-14,Widget C,Matériel,648.11,Wayne
2025-07-15,Service Y,Service,808.26,Hooli
2025-07-15,Widget C,Matériel,180.68,Hooli
2025-07-15,Widget C,Matériel,108.52,Wayne
2025-07-15,Widget C,Matériel,420.75,Hooli
2025-07-15,Widget C,Matériel,315.83,Globex
2025-07-16,Service Y,Service,780.09,Wonka
2025-07-16,Widget C,Matériel,561.43,Wayne
2025-07-16,Widget C,Matériel,736.79,Acme
2025-07-16,Widget B,Matériel,307.2,Stark
2025-07-16,Widget A,Matériel,938.83,Initech
2025-07-16,Service X,Service,502.12,Stark
2025-07-17,Service X,Service,443.06,Stark
2025-07-17,Widget C,Matériel,325.79,Acme
2025-07-17,Widget C,Matériel,701.31,Hooli
2025-07-19,Service X,Service,318.83,Initech
2025-07-19,Service X,Service,660.59,Stark
2025-07-19,Service X,Service,627.72,Acme
2025-07-19,Service Y,Service,532.93,Initech
2025-07-19,Service X,Service,720.18,Stark
2025-07-19,Widget B,Matériel,319.14,Stark
2025-07-20,Widget C,Matériel,398.41,Initech
2025-07-20,Service Y,Service,623.67,Umbrella
2025-07-20,Widget B,Matériel,814.08,Globex
2025-07-21,Widget C,Matériel,720.93,Umbrella
2025-07-24,Service Y,Service,692.11,Acme
2025-07-24,Widget A,Matériel,951.79,Initech
2025-07-24,Widget C,Matériel,585.62,Initech
2025-07-24,Widget A,Matériel,639.11,Initech
2025-07-25,Widget C,Matériel,402.1,Wonka
2025-07-25,Widget B,Matériel,155.95,Wonka
2025-07-25,Widget A,Matériel,999.09,Wayne
2025-07-25,Widget C,Matériel,51.83,Globex
2025-07-25,Service Y,Service,68.98,Wonka
2025-07-25,Widget C,Matériel,731.6,Stark
2025-07-26,Widget C,Matériel,490.44,Wayne
2025-07-26,Widget B,Matériel,87.35,Hooli
2025-07-26,Widget C,Matériel,856.92,Hooli
2025-07-26,Service Y,Service,292.03,Hooli
2025-07-26,Widget C,Matériel,680.15,Globex
2025-07-26,Widget C,Matériel,547.01,Stark
2025-07-26,Service Y,Service,639.08,Hooli
2025-07-26,Service X,Service,430.06,Initech
2025-07-27,Widget A,Matériel,232.7,Umbrella
2025-07-27,Widget A,Matériel,819.78,Wonka
2025-07-27,Service X,Service,553.83,Acme
2025-07-27,Widget B,Matériel,685.07,Acme
2025-07-27,Service Y,Service,887.17,Stark
2025-07-27,Widget C,Matériel,828.89,Globex
2025-07-27,Widget C,Matériel,500.8,Wonka
2025-07-28,Widget B,Matériel,426.12,Umbrella
2025-07-28,Widget A,Matériel,542.77,Initech
2025-07-28,Service Y,Service,677.44,Stark
2025-07-28,Service X,Service,256.95,Umbrella
2025-07-28,Service Y,Service,378.7,Wonka
2025-07-28,Widget B,Matériel,246.99,Hooli
2025-07-28,Widget B,Matériel,559.78,Stark
2025-07-29,Service Y,Service,181.91,Acme
2025-07-29,Service Y,Service,554.86,Wonka
2025-07-29,Widget C,Matériel,534.66,Wayne
2025-07-29,Widget A,Matériel,522.24,Acme
2025-07-29,Widget B,Matériel,375.55,Initech
2025-07-29,Service X,Service,522.81,Wonka
2025-07-31,Widget A,Matériel,226.37,Wonka
2025-07-31,Widget A,Matériel,627.89,Wonka
2025-07-31,Widget A,Matériel,887.63,Initech
2025-08-01,Service X,Service,881.96,Acme
2025-08-02,Widget B,Matériel,454.15,Initech
2025-08-02,Service Y,Service,947.15,Wonka
2025-08-02,Service X,Service,115.49,Acme
2025-08-02,Widget C,Matériel,989.62,Globex
2025-08-02,Service Y,Service,150.7,Acme
2025-08-02,Widget B,Matériel,349.76,Stark
2025-08-02,Widget A,Matériel,710.06,Hooli
2025-08-03,Service Y,Service,135.84,Initech
2025-08-03,Widget C,Matériel,200.26,Umbrella
2025-08-04,Widget C,Matériel,186.18,Wayne
2025-08-05,Widget C,Matériel,545.79,Globex
2025-08-05,Service X,Service,122.54,Globex
2025-08-05,Service X,Service,102.04,Globex
2025-08-05,Service X,Service,518.81,Globex
2025-08-05,Service Y,Service,132.97,Wayne
2025-08-05,Widget C,Matériel,602.18,Umbrella
2025-08-05,Widget B,Matériel,403.47,Globex
2025-08-05,Widget B,Matériel,259.12,Acme
2025-08-06,Widget C,Matériel,990.92,Umbrella
2025-08-07,Service Y,Service,451.93,Hooli
2025-08-07,Service X,Service,357.39,Acme
2025-08-07,Widget A,Matériel,63.42,Globex
2025-08-07,Service X,Service,480.53,Acme
2025-08-07,Service X,Service,221.34,Initech
2025-08-07,Service X,Service,389.26,Wayne
2025-08-07,Service Y,Service,278.93,Wonka
2025-08-07,Widget B,Matériel,224.93,Stark
2025-08-09,Service X,Service,203.5,Globex
2025-08-09,Widget B,Matériel,300.6,Stark
2025-08-09,Service Y,Service,933.28,Globex
2025-08-09,Widget C,Matériel,586.89,Acme
2025-08-10,Widget C,Matériel,288.08,Wonka
2025-08-10,Widget C,Matériel,133.35,Initech
2025-08-11,Service Y,Service,233.72,Globex
2025-08-11,Widget C,Matériel,907.25,Initech
2025-08-11,Service X,Service,949.55,Wonka
2025-08-11,Widget C,Matériel,679.78,Wayne
2025-08-11,Service X,Service,909.93,Umbrella
2025-08-11,Widget B,Matériel,387.31,Stark
2025-08-12,Service X,Service,568.83,Wonka
2025-08-12,Widget A,Matériel,423.09,Wayne
2025-08-12,Widget B,Matériel,854.49,Stark
2025-08-12,Widget B,Matériel,830.48,Hooli
2025-08-12,Widget C,Matériel,765.83,Wayne
2025-08-12,Widget A,Matériel,928.42,Wonka
2025-08-13,Widget C,Matériel,279.42,Initech
2025-08-13,Widget B,Matériel,398.39,Initech
2025-08-13,Widget A,Matériel,952.12,Wayne
2025-08-13,Widget A,Matériel,569.81,Wayne
2025-08-14,Widget C,Matériel,836.78,Initech
2025-08-14,Service Y,Service,328.39,Initech
2025-08-14,Service Y,Service,425.36,Umbrella
2025-08-14,Service Y,Service,968.48,Wayne
2025-08-15,Service X,Service,606.83,Globex
2025-08-15,Widget B,Matériel,799.68,Acme
2025-08-15,Service X,Service,710.45,Initech
2025-08-15,Service Y,Service,221.96,Hooli
2025-08-15,Service X,Service,664.76,Umbrella
2025-08-15,Service X,Service,216.08,Umbrella
2025-08-18,Widget C,Matériel,666.75,Umbrella
2025-08-18,Widget C,Matériel,198.43,Hooli
2025-08-18,Widget C,Matériel,401.0,Initech
2025-08-18,Widget B,Matériel,742.81,Acme
2025-08-18,Widget B,Matériel,563.13,Hooli
2025-08-18,Service Y,Service,562.31,Acme
2025-08-18,Service X,Service,119.58,Wayne
2025-08-19,Widget C,Matériel,776.57,Acme
2025-08-20,Service Y,Service,227.13,Globex
2025-08-20,Widget B,Matériel,357.05,Globex
2025-08-20,Widget C,Matériel,640.71,Initech
2025-08-20,Service X,Service,909.93,Umbrella
2025-08-20,Widget B,Matériel,675.82,Umbrella
2025-08-21,Widget C,Matériel,912.04,Initech
2025-08-21,Service X,Service,726.4,Acme
2025-08-21,Widget A,Matériel,919.56,Wayne
2025-08-21,Widget C,Matériel,355.54,Stark
2025-08-21,Service X,Service,782.27,Wonka
2025-08-22,Widget C,Matériel,779.46,Initech
2025-08-22,Widget B,Matériel,610.03,Initech
2025-08-22,Service Y,Service,352.09,Stark
2025-08-22,Widget C,Matériel,953.49,Stark
2025-08-22,Service X,Service,892.69,Umbrella
2025-08-23,Widget C,Matériel,194.94,Hooli
2025-08-23,Widget A,Matériel,505.31,Stark
2025-08-23,Widget C,Matériel,913.19,Wonka
2025-08-24,Service X,Service,645.48,Acme
2025-08-24,Widget C,Matériel,534.81,Globex
2025-08-24,Widget C,Matériel,69.35,Acme
2025-08-24,Widget C,Matériel,863.17,Wonka
2025-08-24,Service X,Service,805.92,Wayne
2025-08-25,Widget A,Matériel,81.81,Stark
2025-08-25,Widget A,Matériel,500.7,Umbrella
2025-08-25,Widget C,Matériel,79.68,Initech
2025-08-27,Service X,Service,444.89,Umbrella
2025-08-27,Service Y,Service,560.94,Globex
2025-08-27,Widget B,Matériel,500.29,Umbrella
2025-08-27,Service X,Service,56.01,Stark
2025-08-27,Widget C,Matériel,117.53,Hooli
2025-08-27,Service X,Service,247.0,Umbrella
2025-08-28,Widget C,Matériel,316.22,Stark
2025-08-28,Service Y,Service,426.54,Globex
2025-08-28,Service X,Service,286.44,Wayne
2025-08-28,Widget A,Matériel,433.95,Umbrella
2025-08-28,Widget C,Matériel,486.57,Hooli
2025-08-29,Widget B,Matériel,995.89,Wayne
2025-08-29,Widget B,Matériel,799.6,Initech
2025-08-29,Widget A,Matériel,631.17,Stark
2025-08-29,Widget C,Matériel,671.29,Hooli
2025-08-29,Service X,Service,739.46,Hooli
2025-08-29,Service X,Service,714.45,Globex
2025-08-29,Widget B,Matériel,922.86,Umbrella
2025-08-29,Service Y,Service,148.93,Wonka
2025-08-30,Widget A,Matériel,116.13,Hooli
2025-08-30,Widget C,Matériel,126.73,Umbrella
2025-08-30,Service X,Service,574.74,Stark
2025-08-30,Service Y,Service,315.81,Hooli
2025-08-30,Widget C,Matériel,161.61,Acme
2025-08-30,Service Y,Service,216.25,Hooli
2025-08-30,Widget A,Matériel,244.8,Acme
2025-08-30,Service Y,Service,150.52,Acme
2025-08-31,Widget A,Matériel,763.53,Wayne
2025-08-31,Widget B,Matériel,108.54,Globex
2025-08-31,Widget C,Matériel,242.36,Umbrella
2025-08-31,Service X,Service,388.86,Wayne
2025-08-31,Widget A,Matériel,157.81,Umbrella
2025-09-01,Widget C,Matériel,226.25,Acme
2025-09-01,Service X,Service,117.61,Globex
2025-09-01,Service Y,Service,700.3,Umbrella
2025-09-01,Widget A,Matériel,63.39,Wayne
2025-09-01,Widget B,Matériel,195.17,Wonka
2025-09-02,Widget C,Matériel,623.04,Wonka
2025-09-03,Widget A,Matériel,578.83,Umbrella
2025-09-03,Widget B,Matériel,977.39,Wayne
2025-09-03,Widget A,Matériel,745.7,Umbrella
2025-09-03,Service X,Service,113.8,Stark
2025-09-03,Widget A,Matériel,415.09,Wonka
2025-09-03,Service Y,Service,560.15,Wayne
2025-09-03,Service X,Service,793.86,Hooli
2025-09-04,Widget A,Matériel,533.35,Umbrella
2025-09-04,Widget C,Matériel,300.18,Wayne
2025-09-04,Widget C,Matériel,69.75,Wonka
2025-09-04,Service Y,Service,810.19,Globex
2025-09-04,Widget B,Matériel,192.34,Initech
2025-09-04,Widget A,Matériel,554.22,Globex
2025-09-04,Widget A,Matériel,117.12,Wonka
2025-09-05,Widget A,Matériel,491.91,Stark
2025-09-05,Service Y,Service,315.06,Stark
2025-09-05,Service Y,Service,893.3,Umbrella
2025-09-05,Widget B,Matériel,826.1,Hooli
2025-09-05,Service X,Service,536.23,Initech
2025-09-05,Widget C,Matériel,824.73,Stark
2025-09-05,Service X,Service,769.09,Stark
2025-09-06,Widget C,Matériel,816.58,Umbrella
2025-09-06,Service X,Service,251.02,Wonka
2025-09-06,Service Y,Service,434.51,Acme
2025-09-06,Service Y,Service,324.65,Wonka
2025-09-06,Widget C,Matériel,56.98,Wayne
2025-09-06,Service Y,Service,634.74,Initech
2025-09-06,Service X,Service,901.78,Globex
2025-09-06,Service Y,Service,914.3,Globex
2025-09-07,Widget B,Matériel,994.56,Hooli
2025-09-07,Service X,Service,130.13,Initech
2025-09-07,Widget A,Matériel,121.18,Wonka
2025-09-07,Widget C,Matériel,819.1,Umbrella
2025-09-07,Widget C,Matériel,472.59,Globex
2025-09-07,Widget C,Matériel,556.39,Initech
2025-09-07,Service X,Service,498.2,Initech
2025-09-07,Service X,Service,997.45,Initech
2025-09-08,Service X,Service,169.34,Acme
2025-09-08,Widget B,Matériel,377.04,Stark
2025-09-08,Service X,Service,646.07,Hooli
